Au	O
milieu	O
du	O
grand	O
silence	O
,	O
et	O
dans	O
le	O
désert	O
de	O
l'	O
avenue	O
,	O
les	O
voitures	O
de	O
maraîchers	O
montaient	O
vers	O
Paris	S-LOC
,	O
avec	O
les	O
cahots	O
rhythmés	O
de	O
leurs	O
roues	O
,	O
dont	O
les	O
échos	O
battaient	O
les	O
façades	O
des	O
maisons	O
,	O
endormies	O
aux	O
deux	O
bords	O
,	O
derrière	O
les	O
lignes	O
confuses	O
des	O
ormes	O
.	O
Un	O
tombereau	O
de	O
choux	O
et	O
un	O
tombereau	O
de	O
pois	O
,	O
au	O
pont	S-LOC
de	O
Neuilly	O
,	O
s'	O
étaient	O
joints	O
aux	O
huit	O
voitures	O
de	O
navets	O
et	O
de	O
carottes	O
qui	O
descendaient	O
de	O
Nanterre	S-LOC
;	O
et	O
les	O
chevaux	O
allaient	O
tout	O
seuls	O
,	O
la	O
tête	O
basse	O
,	O
de	O
leur	O
allure	O
continue	O
et	O
paresseuse	O
,	O
que	O
la	O
montée	O
ralentissait	O
encore	O
.	O
En	O
haut	O
,	O
sur	O
la	O
charge	O
des	O
légumes	O
,	O
allongés	O
à	O
plat	O
ventre	O
,	O
couverts	O
de	O
leur	O
limousine	O
à	O
petites	O
raies	O
noires	O
et	O
grises	O
,	O
les	O
charretiers	O
sommeillaient	O
,	O
les	O
guides	O
aux	O
poignets	O
.	O
Un	O
bec	O
de	O
gaz	O
,	O
au	O
sortir	O
d'	O
une	O
nappe	O
d'	O
ombre	O
,	O
éclairait	O
les	O
clous	O
d'	O
un	O
soulier	O
,	O
la	O
manche	O
bleue	O
d'	O
une	O
blouse	O
,	O
le	O
bout	O
d'	O
une	O
casquette	O
,	O
entrevus	O
dans	O
cette	O
floraison	O
énorme	O
des	O
bouquets	O
rouges	O
des	O
carottes	O
,	O
des	O
bouquets	O
blancs	O
des	O
navets	O
,	O
des	O
verdures	O
débordantes	O
des	O
pois	O
et	O
des	O
choux	O
.	O
Et	O
,	O
sur	O
la	O
route	O
,	O
sur	O
les	O
routes	O
voisines	O
,	O
en	O
avant	O
et	O
en	O
arrière	O
,	O
des	O
ronflements	O
lointains	O
de	O
charrois	O
annonçaient	O
des	O
convois	O
pareils	O
,	O
tout	O
un	O
arrivage	O
traversant	O
les	O
ténèbres	O
et	O
le	O
gros	O
sommeil	O
de	O
deux	O
heures	O
du	O
matin	O
,	O
berçant	O
la	O
ville	O
noire	O
du	O
bruit	O
de	O
cette	O
nourriture	O
qui	O
passait	O
.	O
Balthazar	O
,	O
le	O
cheval	O
de	O
madame	S-PER
François	O
,	O
une	O
bête	O
trop	O
grasse	O
,	O
tenait	O
la	O
tête	O
de	O
la	O
file	O
.	O
Il	O
marchait	O
,	O
dormant	O
à	O
demi	O
,	O
dodelinant	O
des	O
oreilles	O
,	O
lorsque	O
,	O
à	O
la	O
hauteur	O
de	O
la	S-LOC
rue	O
de	O
Longchamp	O
,	O
un	O
sursaut	O
de	O
peur	O
le	O
planta	O
net	O
sur	O
ses	O
quatre	O
pieds	O
.	O
Les	O
autres	O
bêtes	O
vinrent	O
donner	O
de	O
la	O
tête	O
contre	O
le	O
cul	O
des	O
voitures	O
,	O
et	O
la	O
file	O
s'	O
arrêta	O
,	O
avec	O
la	O
secousse	O
des	O
ferrailles	O
,	O
au	O
milieu	O
des	O
jurements	O
des	O
charretiers	O
réveillés	O
.	O
Madame	S-PER
François	O
,	O
adossée	O
à	O
une	O
planchette	O
contre	O
ses	O
légumes	O
,	O
regardait	O
,	O
ne	O
voyait	O
rien	O
,	O
dans	O
la	O
maigre	O
lueur	O
jetée	O
à	O
gauche	O
par	O
la	O
petite	O
lanterne	O
carrée	O
,	O
qui	O
n'	O
éclairait	O
guère	O
qu'	O
un	O
des	O
flancs	O
luisants	O
de	O
Balthazar	S-PER
.	O
--	O
Eh	O
!	O
la	O
mère	O
,	O
avançons	O
!	O
cria	O
un	O
des	O
hommes	O
,	O
qui	O
s'	O
était	O
mis	O
à	O
genoux	O
sur	O
ses	O
navets	O
...	O
C'	O
est	O
quelque	O
cochon	O
d'	O
ivrogne	O
.	O
Elle	O
s'	O
était	O
penchée	O
,	O
elle	O
avait	O
aperçu	O
,	O
à	O
droite	O
,	O
presque	O
sous	O
les	O
pieds	O
du	O
cheval	O
,	O
une	O
masse	O
noire	O
qui	O
barrait	O
la	O
roule	O
.	O
--	O
On	O
n'	O
écrase	O
pas	O
le	O
monde	O
,	O
dit	O
-elle	O
,	O
en	O
sautant	O
à	O
terre	O
.	O
C'	O
était	O
un	O
homme	O
vautré	O
tout	O
de	O
son	O
long	O
,	O
les	O
bras	O
étendus	O
,	O
tombé	O
la	O
face	O
dans	O
la	O
poussière	O
.	O
Il	O
paraissait	O
d'	O
une	O
longueur	O
extraordinaire	O
,	O
maigre	O
comme	O
une	O
branche	O
sèche	O
;	O
le	O
miracle	O
était	O
que	O
Balthazar	S-PER
ne	O
l'	O
eût	O
pas	O
cassé	O
en	O
deux	O
d'	O
un	O
coup	O
de	O
sabot	O
.	O
Madame	S-PER
François	O
le	O
crut	O
mort	O
;	O
elle	O
s'	O
accroupit	O
devant	O
lui	O
,	O
lui	O
prit	O
une	O
main	O
,	O
et	O
vit	O
qu'	O
elle	O
était	O
chaude	O
.	O
--	O
Eh	O
!	O
l'	O
homme	O
!	O
dit	O
-elle	O
doucement	O
.	O
Mais	O
les	O
charretiers	O
s'	O
impatientaient	O
.	O
Celui	O
qui	O
était	O
agenouillé	O
dans	O
ses	O
légumes	O
,	O
reprit	O
de	O
sa	O
voix	O
enrouée	O
:	O
--	O
Fouettez	O
donc	O
,	O
la	O
mère	O
!	O
...	O
Il	O
en	O
a	O
plein	O
son	O
sac	O
,	O
le	O
sacré	O
porc	O
!	O
Poussez	O
-moi	O
ça	O
dans	O
le	O
ruisseau	O
!	O
Cependant	O
,	O
l'	O
homme	O
avait	O
ouvert	O
les	O
yeux	O
.	O
Il	O
regardait	O
madame	S-PER
François	O
d'	O
un	O
air	O
effaré	O
,	O
sans	O
bouger	O
.	O
Elle	O
pensa	O
qu'	O
il	O
devait	O
être	O
ivre	O
,	O
en	O
effet	O
.	O
--	O
Il	O
ne	O
faut	O
pas	O
rester	O
là	O
,	O
vous	O
allez	O
vous	O
faire	O
écraser	O
,	O
lui	O
dit	O
-elle	O
...	O
Où	O
alliez	O
-vous	O
?	O
--	O
Je	O
ne	O
sais	O
pas	O
...	O
,	O
répondit	O
-il	O
d'	O
une	O
voix	O
très-basse	O
.	O
Puis	O
,	O
avec	O
effort	O
,	O
et	O
le	O
regard	O
inquiet	O
:	O
--	O
J'	O
allais	O
à	O
Paris	S-LOC
,	O
je	O
suis	O
tombé	O
,	O
je	O
ne	O
sais	O
pas	O
...	O
Elle	O
le	O
voyait	O
mieux	O
,	O
et	O
il	O
était	O
lamentable	O
,	O
avec	O
son	O
pantalon	O
noir	O
,	O
sa	O
redingote	O
noire	O
,	O
tout	O
effiloqués	O
,	O
montrant	O
les	O
sécheresses	O
des	O
os	O
.	O
Sa	O
casquette	O
,	O
de	O
gros	O
drap	O
noir	O
,	O
rabattue	O
peureusement	O
sur	O
les	O
sourcils	O
,	O
découvrait	O
deux	O
grands	O
yeux	O
bruns	O
,	O
d'	O
une	O
singulière	O
douceur	O
,	O
dans	O
un	O
visage	O
dur	O
et	O
tourmenté	O
.	O
Madame	S-PER
François	O
pensa	O
qu'	O
il	O
était	O
vraiment	O
trop	O
maigre	O
pour	O
avoir	O
bu	O
.	O
--	O
Et	O
où	O
alliez	O
-vous	O
,	O
dans	O
Paris	S-LOC
?	O
demanda	O
-t	O
-elle	O
de	O
nouveau	O
.	O
Il	O
ne	O
répondit	O
pas	O
tout	O
de	O
suite	O
;	O
cet	O
interrogatoire	O
le	O
gênait	O
.	O
Il	O
parut	O
se	O
consulter	O
;	O
puis	O
,	O
en	O
hésitant	O
:	O
--	O
Par	O
là	O
,	O
du	O
côté	O
des	S-LOC
Halles	O
.	O
Il	O
s'	O
était	O
mis	O
debout	O
,	O
avec	O
des	O
peines	O
infinies	O
,	O
et	O
il	O
faisait	O
mine	O
de	O
vouloir	O
continuer	O
son	O
chemin	O
.	O
La	O
maraîchère	O
le	O
vit	O
qui	O
s'	O
appuyait	O
en	O
chancelant	O
sur	O
le	O
brancard	O
de	O
la	O
voiture	O
.	O
--	O
Vous	O
êtes	O
las	O
?	O
--	O
Oui	O
,	O
bien	O
las	O
,	O
murmura	O
-t	O
-il	O
.	O
Alors	O
,	O
elle	O
prit	O
une	O
voix	O
brusque	O
et	O
comme	O
mécontente	O
.	O
Elle	O
le	O
poussa	O
,	O
en	O
disant	O
:	O
--	O
Allons	O
,	O
vite	O
,	O
montez	O
dans	O
ma	O
voiture	O
!	O
Vous	O
nous	O
faites	O
perdre	O
un	O
temps	O
,	O
là	O
!	O
...	O
Je	O
vais	O
aux	S-LOC
Halles	O
,	O
je	O
vous	O
déballerai	O
avec	O
mes	O
légumes	O
.	O
Et	O
,	O
comme	O
il	O
refusait	O
,	O
elle	O
le	O
hissa	O
presque	O
,	O
de	O
ses	O
gros	O
bras	O
,	O
le	O
jeta	O
sur	O
les	O
carottes	O
et	O
les	O
navets	O
,	O
tout	O
à	O
fait	O
fâchée	O
,	O
criant	O
:	O
--	O
A	O
la	O
fin	O
,	O
voulez	O
-vous	O
nous	O
ficher	O
la	O
paix	O
!	O
Vous	O
m'	O
embêtez	O
,	O
mon	O
brave	O
...	O
Puisque	O
je	O
vous	O
dis	O
que	O
je	O
vais	O
aux	O
Halles	O
!	O
Dormez	O
,	O
je	O
vous	O
réveillerai	O
.	O
Elle	O
remonta	O
,	O
s'	O
adossa	O
contre	O
la	O
planchette	O
,	O
assise	O
de	O
biais	O
,	O
tenant	O
les	O
guides	O
de	O
Balthazar	S-PER
,	O
qui	O
se	O
remit	O
en	O
marche	O
,	O
se	O
rendormant	O
,	O
dodelinant	O
des	O
oreilles	O
.	O
Les	O
autres	O
voitures	O
suivirent	O
,	O
la	O
file	O
reprit	O
son	O
allure	O
lente	O
dans	O
le	O
noir	O
,	O
battant	O
de	O
nouveau	O
du	O
cahot	O
des	O
roues	O
les	O
façades	O
endormies	O
.	O
Les	O
charretiers	O
recommencèrent	O
leur	O
somme	O
sous	O
leurs	O
limousines	O
.	O
Celui	O
qui	O
avait	O
interpellé	O
la	O
maraîchère	O
,	O
s'	O
allongea	O
,	O
en	O
grondant	O
:	O
--	O
Ah!	O
malheur	O
!	O
s'	O
il	O
fallait	O
ramasser	O
les	O
ivrognes	O
!...	O
Vous	O
avez	O
de	O
la	O
constance	O
,	O
vous	O
,	O
la	O
mère	O
!	O
Les	O
voitures	O
roulaient	O
,	O
les	O
chevaux	O
allaient	O
tout	O
seuls	O
,	O
la	O
tête	O
basse	O
.	O
L'	O
homme	O
que	O
madame	S-PER
François	O
venait	O
de	O
recueillir	O
,	O
couché	O
sur	O
le	O
ventre	O
,	O
avait	O
ses	O
longues	O
jambes	O
perdues	O
dans	O
le	O
tas	O
des	O
navets	O
qui	O
emplissaient	O
le	O
cul	O
de	O
la	O
voiture	O
;	O
sa	O
face	O
s'	O
enfonçait	O
au	O
beau	O
milieu	O
des	O
carottes	O
,	O
dont	O
les	O
bottes	O
montaient	O
et	O
s'	O
épanouissaient	O
;	O
et	O
,	O
les	O
bras	O
élargis	O
,	O
exténué	O
,	O
embrassant	O
la	O
charge	O
énorme	O
des	O
légumes	O
,	O
de	O
peur	O
d'	O
être	O
jeté	O
à	O
terre	O
par	O
un	O
cahot	O
,	O
il	O
regardait	O
,	O
devant	O
lui	O
,	O
les	O
deux	O
lignes	O
interminables	O
des	O
becs	O
de	O
gaz	O
qui	O
se	O
rapprochaient	O
et	O
se	O
confondaient	O
,	O
tout	O
là-haut	O
,	O
dans	O
un	O
pullulement	O
d'	O
autres	O
lumières	O
.	O
À	O
l'	O
horizon	O
,	O
une	O
grande	O
fumée	O
blanche	O
flottait	O
,	O
mettait	O
Paris	O
dormant	O
dans	O
la	O
buée	O
lumineuse	O
de	O
toutes	O
ces	O
flammes	O
.	O
--	O
Je	O
suis	O
de	O
Nanterre	S-LOC
,	O
je	O
me	O
nomme	O
madame	S-PER
François	O
,	O
dit	O
la	O
maraîchère	O
,	O
au	O
bout	O
d'	O
un	O
instant	O
.	O
Depuis	O
que	O
j'	O
ai	O
perdu	O
mon	O
pauvre	O
homme	O
,	O
je	O
vais	O
tous	O
les	O
matins	O
aux	S-LOC
Halles	O
.	O
C'	O
est	O
dur	O
,	O
allez	O
!...	O
Et	O
vous	O
?	O
--	O
Je	O
me	O
nomme	O
Florent	S-PER
,	O
je	O
viens	O
de	O
loin	O
...	O
,	O
répondit	O
l'	O
inconnu	O
avec	O
embarras	O
.	O
Je	O
vous	O
demande	O
excuse	O
;	O
je	O
suis	O
si	O
fatigué	O
,	O
que	O
cela	O
m'	O
est	O
pénible	O
de	O
parler	O
.	O
Il	O
ne	O
voulait	O
pas	O
causer	O
.	O
Alors	O
,	O
elle	O
se	O
tut	O
,	O
lâchant	O
un	O
peu	O
les	O
guides	O
sur	O
l'	O
échine	O
de	O
Balthazar	S-PER
,	O
qui	O
suivait	O
son	O
chemin	O
en	O
bête	O
connaissant	O
chaque	O
pavé	O
.	O
Florent	S-PER
,	O
les	O
yeux	O
sur	O
l'	O
immense	O
lueur	O
de	O
Paris	O
,	O
songeait	O
à	O
cette	O
histoire	O
qu'	O
il	O
cachait	O
.	O
Échappé	O
de	O
Cayenne	S-LOC
,	O
où	O
les	O
journées	O
de	O
décembre	O
l'	O
avaient	O
jeté	O
,	O
rôdant	O
depuis	O
deux	O
ans	O
dans	O
la	O
Guyane	S-LOC
holandaise	O
,	O
avec	O
l'	O
envie	O
folle	O
du	O
retour	O
et	O
la	O
peur	O
de	O
la	O
police	O
impériale	O
,	O
il	O
avait	O
enfin	O
devant	O
lui	O
la	O
chère	O
grande	O
ville	O
,	O
tant	O
regrettée	O
,	O
tant	O
désirée	O
.	O
Il	O
s'	O
y	O
cacherait	O
,	O
il	O
y	O
vivrait	O
de	O
sa	O
vie	O
paisible	O
d'	O
autrefois	O
.	O
La	O
police	O
n'	O
en	O
saurait	O
rien	O
.	O
D'	O
ailleurs	O
,	O
il	O
serait	O
mort	O
,	O
là-bas	O
.	O
Et	O
il	O
se	O
rappelait	O
son	O
arrivée	O
au	S-LOC
Havre	O
,	O
lorsqu'	O
il	O
ne	O
trouva	O
plus	O
que	O
quinze	O
francs	O
dans	O
le	O
coin	O
de	O
son	O
mouchoir	O
.	O
Jusqu'	O
à	O
Rouen	S-LOC
,	O
il	O
put	O
prendre	O
la	O
voiture	O
.	O
De	O
Rouen	O
,	O
comme	O
il	O
lui	O
restait	O
à	O
peine	O
trente	O
sous	O
,	O
il	O
repartit	O
à	O
pied	O
.	O
Mais	O
,	O
à	O
Vernon	S-LOC
,	O
il	O
acheta	O
ses	O
deux	O
derniers	O
sous	O
de	O
pain	O
.	O
Puis	O
,	O
il	O
ne	O
savait	O
plus	O
.	O
Il	O
croyait	O
avoir	O
dormi	O
plusieurs	O
heures	O
dans	O
un	O
fossé	O
.	O
Il	O
avait	O
dû	O
montrer	O
à	O
un	O
gendarme	O
les	O
papiers	O
dont	O
il	O
s'	O
était	O
pourvu	O
.	O
Tout	O
cela	O
dansait	O
dans	O
sa	O
tête	O
.	O
Il	O
était	O
venu	O
de	O
Vernon	S-LOC
sans	O
manger	O
,	O
avec	O
des	O
rages	O
et	O
des	O
désespoirs	O
brusques	O
qui	O
le	O
poussaient	O
à	O
mâcher	O
les	O
feuilles	O
des	O
haies	O
qu'	O
il	O
longeait	O
;	O
et	O
il	O
continuait	O
à	O
marcher	O
,	O
pris	O
de	O
crampes	O
et	O
de	O
souleurs	O
,	O
le	O
ventre	O
plié	O
,	O
la	O
vue	O
troublée	O
,	O
les	O
pieds	O
comme	O
tirés	O
,	O
sans	O
qu'	O
il	O
en	O
eût	O
conscience	O
,	O
par	O
cette	O
image	O
de	O
Paris	O
,	O
au	O
loin	O
,	O
très-loin	O
,	O
derrière	O
l'	O
horizon	O
,	O
qui	O
l'	O
appelait	O
,	O
qui	O
l'	O
attendait	O
.	O
Quand	O
il	O
arriva	O
à	O
Courbevoie	S-LOC
,	O
la	O
nuit	O
était	O
très-sombre	O
.	O
Paris	O
,	O
pareil	O
à	O
un	O
pan	O
de	O
ciel	O
étoilé	O
tombé	O
sur	O
un	O
coin	O
de	O
la	O
terre	O
noire	O
,	O
lui	O
apparut	O
sévère	O
et	O
comme	O
fâché	O
de	O
son	O
retour	O
.	O
Alors	O
,	O
il	O
eut	O
une	O
faiblesse	O
,	O
il	O
descendit	O
la	O
côte	O
,	O
les	O
jambes	O
cassées	O
.	O
En	O
traversant	O
le	S-LOC
pont	O
de	O
Neuilly	O
,	O
il	O
s'	O
appuyait	O
au	O
parapet	O
,	O
il	O
se	O
penchait	O
sur	O
la	O
Seine	O
roulant	O
des	O
flots	O
d'	O
encre	O
,	O
entre	O
les	O
masses	O
épaissies	O
des	O
rives	O
;	O
un	O
fanal	O
rouge	O
,	O
sur	O
l'	O
eau	O
,	O
le	O
suivait	O
d'	O
un	O
oeil	O
saignant	O
.	O
Maintenant	O
,	O
il	O
lui	O
fallait	O
monter	O
,	O
atteindre	O
Paris	S-LOC
,	O
tout	O
en	O
haut	O
.	O
L'	O
avenue	O
lui	O
paraissait	O
démesurée	O
.	O
Les	O
centaines	O
de	O
lieues	O
qu'	O
il	O
venait	O
de	O
faire	O
n'	O
étaient	O
rien	O
;	O
ce	O
bout	O
de	O
route	O
le	O
désespérait	O
,	O
jamais	O
il	O
n'	O
arriverait	O
à	O
ce	O
sommet	O
,	O
couronné	O
de	O
ces	O
lumières	O
.	O
L'	O
avenue	O
plate	O
s'	O
étendait	O
,	O
avec	O
ses	O
lignes	O
de	O
grands	O
arbres	O
et	O
de	O
maisons	O
basses	O
,	O
ses	O
larges	O
trottoirs	O
grisâtres	O
,	O
tachés	O
de	O
l'	O
ombre	O
des	O
branches	O
,	O
les	O
trous	O
sombres	O
des	O
rues	O
transversales	O
,	O
tout	O
son	O
silence	O
et	O
toutes	O
ses	O
ténèbres	O
;	O
et	O
les	O
becs	O
de	O
gaz	O
,	O
droits	O
,	O
espacés	O
régulièrement	O
,	O
mettaient	O
seuls	O
la	O
vie	O
de	O
leurs	O
courtes	O
flammes	O
jaunes	O
,	O
dans	O
ce	O
désert	O
de	O
mort	O
.	O
Florent	S-PER
n'	O
avançait	O
plus	O
,	O
l'	O
avenue	O
s'	O
allongeait	O
toujours	O
,	O
reculait	O
Paris	S-LOC
au	O
fond	O
de	O
la	O
nuit	O
.	O
Il	O
lui	O
sembla	O
que	O
les	O
becs	O
de	O
gaz	O
,	O
avec	O
leur	O
oeil	O
unique	O
,	O
couraient	O
à	O
droite	O
et	O
à	O
gauche	O
,	O
en	O
emportant	O
la	O
route	O
;	O
il	O
trébucha	O
,	O
dans	O
ce	O
tournoiement	O
;	O
il	O
s'	O
affaissa	O
comme	O
une	O
masse	O
sur	O
les	O
pavés	O
.	O
À	O
présent	O
,	O
il	O
roulait	O
doucement	O
sur	O
cette	O
couche	O
de	O
verdure	O
,	O
qu'	O
il	O
trouvait	O
d'	O
une	O
mollesse	O
de	O
plume	O
.	O
Il	O
avait	O
levé	O
un	O
peu	O
le	O
menton	O
,	O
pour	O
voir	O
la	O
buée	O
lumineuse	O
qui	O
grandissait	O
,	O
au-dessus	O
des	O
toits	O
noirs	O
devinés	O
à	O
l'	O
horizon	O
.	O
Il	O
arrivait	O
,	O
il	O
était	O
porté	O
,	O
il	O
n'	O
avait	O
qu'	O
à	O
s'	O
abandonner	O
aux	O
secousses	O
ralenties	O
de	O
la	O
voiture	O
;	O
et	O
cette	O
approche	O
sans	O
fatigue	O
ne	O
le	O
laissait	O
plus	O
souffrir	O
que	O
de	O
la	O
faim	O
.	O
La	O
faim	O
s'	O
était	O
réveillée	O
,	O
intolérable	O
,	O
atroce	O
.	O
Ses	O
membres	O
dormaient	O
;	O
il	O
ne	O
sentait	O
en	O
lui	O
que	O
son	O
estomac	O
,	O
tordu	O
,	O
tenaillé	O
comme	O
par	O
un	O
fer	O
rouge	O
.	O
L'	O
odeur	O
fraîche	O
des	O
légumes	O
dans	O
lesquels	O
il	O
était	O
enfoncé	O
,	O
cette	O
senteur	O
pénétrante	O
des	O
carottes	O
,	O
le	O
troublait	O
jusqu'	O
à	O
l'	O
évanouissement	O
.	O
Il	O
appuyait	O
de	O
toutes	O
ses	O
forces	O
sa	O
poitrine	O
contre	O
ce	O
lit	O
profond	O
de	O
nourriture	O
,	O
pour	O
se	O
serrer	O
l'	O
estomac	O
,	O
pour	O
l'	O
empêcher	O
de	O
crier	O
.	O
Et	O
,	O
derrière	O
,	O
les	O
neuf	O
autres	O
tombereaux	O
,	O
avec	O
leurs	O
montagnes	O
de	O
choux	O
,	O
leurs	O
montagnes	O
de	O
pois	O
,	O
leurs	O
entassements	O
d'	O
artichauts	O
,	O
de	O
salades	O
,	O
de	O
céleris	O
,	O
de	O
poireaux	O
,	O
semblaient	O
rouler	O
lentement	O
sur	O
lui	O
et	O
vouloir	O
l'	O
ensevelir	O
,	O
dans	O
l'	O
agonie	O
de	O
sa	O
faim	O
,	O
sous	O
un	O
éboulement	O
de	O
mangeaille	O
.	O
Il	O
y	O
eut	O
un	O
arrêt	O
,	O
un	O
bruit	O
de	O
grosses	O
voix	O
;	O
c'	O
était	O
la	O
barrière	O
,	O
les	O
douaniers	O
sondaient	O
les	O
voitures	O
.	O
Puis	O
,	O
Florent	S-PER
entra	O
dans	O
Paris	S-LOC
,	O
évanoui	O
,	O
les	O
dents	O
serrées	O
,	O
sur	O
les	O
carottes	O
.	O
--	O
Eh	O
!	O
l'	O
homme	O
,	O
là-haut	O
!	O
cria	O
brusquement	O
madame	S-PER
François	O
.	O
Et	O
,	O
comme	O
il	O
ne	O
bougeait	O
pas	O
,	O
elle	O
monta	O
,	O
le	O
secoua	O
.	O
Alors	O
,	O
Florent	S-PER
se	O
mit	O
sur	O
son	O
séant	O
.	O
Il	O
avait	O
dormi	O
,	O
il	O
ne	O
sentait	O
plus	O
sa	O
faim	O
;	O
il	O
était	O
tout	O
hébété	O
.	O
La	O
maraîchère	O
le	O
fit	O
descendre	O
,	O
en	O
lui	O
disant	O
:	O
--	O
Vous	O
allez	O
m'	O
aider	O
à	O
décharger	O
,	O
hein	O
?	O
Il	O
l'	O
aida	O
.	O
Un	O
gros	O
homme	O
,	O
avec	O
une	O
canne	O
et	O
un	O
chapeau	O
de	O
feutre	O
,	O
qui	O
portait	O
une	O
plaque	O
au	O
revers	O
gauche	O
de	O
son	O
paletot	O
,	O
se	O
fâchait	O
,	O
tapait	O
du	O
bout	O
de	O
sa	O
canne	O
sur	O
le	O
trottoir	O
.	O
--	O
Allons	O
donc	O
,	O
allons	O
donc	O
,	O
plus	O
vite	O
que	O
ça	O
!	O
Faites	O
avancer	O
la	O
voiture	O
...	O
Combien	O
avez	O
-vous	O
de	O
mètres	O
?	O
Quatre	O
,	O
n'	O
est	O
-ce	O
pas	O
?	O
Il	O
délivra	O
un	O
bulletin	O
à	O
madame	S-PER
François	O
,	O
qui	O
sortit	O
des	O
gros	O
sous	O
d'	O
un	O
petit	O
sac	O
de	O
toile	O
.	O
Et	O
il	O
alla	O
se	O
fâcher	O
et	O
taper	O
de	O
sa	O
canne	O
un	O
peu	O
plus	O
loin	O
.	O
La	O
maraîchère	O
avait	O
pris	O
Balthazar	S-PER
par	O
la	O
bride	O
,	O
le	O
poussant	O
,	O
acculant	O
la	O
voiture	O
,	O
les	O
roues	O
contre	O
le	O
trottoir	O
.	O
Puis	O
,	O
la	O
planche	O
de	O
derrière	O
enlevée	O
,	O
après	O
avoir	O
marqué	O
ses	O
quatre	O
mètres	O
sur	O
le	O
trottoir	O
avec	O
des	O
bouchons	O
de	O
paille	O
,	O
elle	O
pria	O
Florent	S-PER
de	O
lui	O
passer	O
les	O
légumes	O
,	O
bottes	O
par	O
bottes	O
.	O
Elle	O
les	O
rangea	O
méthodiquement	O
sur	O
le	O
carreau	O
,	O
parant	O
la	O
marchandise	O
,	O
disposant	O
les	O
fanes	O
de	O
façon	O
à	O
encadrer	O
les	O
tas	O
d'	O
un	O
filet	O
de	O
verdure	O
,	O
dressant	O
avec	O
une	O
singulière	O
promptitude	O
tout	O
un	O
étalage	O
,	O
qui	O
ressemblait	O
,	O
dans	O
l'	O
ombre	O
,	O
à	O
une	O
tapisserie	O
aux	O
couleurs	O
symétriques	O
.	O
Quand	O
Florent	S-PER
lui	O
eut	O
donné	O
une	O
énorme	O
brassée	O
de	O
persil	O
,	O
qu'	O
il	O
trouva	O
au	O
fond	O
,	O
elle	O
lui	O
demanda	O
encore	O
un	O
service	O
.	O
--	O
Vous	O
seriez	O
bien	O
gentil	O
de	O
garder	O
ma	O
marchandise	O
,	O
pendant	O
que	O
je	O
vais	O
remiser	O
la	O
voiture	O
....	O
C'	O
est	O
à	O
deux	O
pas	O
,	O
rue	S-LOC
Montorgueil	O
,	O
au	O
Compas	O
d'	O
or	O
.	O
Il	O
lui	O
assura	O
qu'	O
elle	O
pouvait	O
être	O
tranquille	O
.	O
Le	O
mouvement	O
ne	O
lui	O
valait	O
rien	O
;	O
il	O
sentait	O
sa	O
faim	O
se	O
réveiller	O
,	O
depuis	O
qu'	O
il	O
se	O
remuait	O
.	O
Il	O
s'	O
assit	O
contre	O
un	O
tas	O
de	O
choux	O
,	O
à	O
côté	O
de	O
la	O
marchandise	O
de	O
madame	O
François	O
,	O
en	O
se	O
disant	O
qu'	O
il	O
était	O
bien	O
là	O
,	O
qu'	O
il	O
ne	O
bougerait	O
plus	O
,	O
qu'	O
il	O
attendrait	O
.	O
Sa	O
tête	O
lui	O
paraissait	O
toute	O
vide	O
,	O
et	O
il	O
ne	O
s'	O
expliquait	O
pas	O
nettement	O
où	O
il	O
se	O
trouvait	O
.	O
Dès	O
les	O
premiers	O
jours	O
de	O
septembre	O
,	O
les	O
matinées	O
sont	O
toutes	O
noires	O
.	O
Des	O
lanternes	O
,	O
autour	O
de	O
lui	O
,	O
filaient	O
doucement	O
,	O
s'	O
arrêtaient	O
dans	O
les	O
ténèbres	O
.	O
Il	O
était	O
au	O
bord	O
d'	O
une	O
large	O
rue	O
,	O
qu'	O
il	O
ne	O
reconnaissait	O
pas	O
.	O
Elle	O
s'	O
enfonçait	O
en	O
pleine	O
nuit	O
,	O
très-loin	O
.	O
Lui	O
,	O
ne	O
distinguait	O
guère	O
que	O
la	O
marchandise	O
qu'	O
il	O
gardait	O
.	O
Au	O
delà	O
,	O
confusément	O
,	O
le	O
long	O
du	O
carreau	O
,	O
des	O
amoncellements	O
vagues	O
moutonnaient	O
.	O
Au	O
milieu	O
de	O
la	O
chaussée	O
,	O
de	O
grands	O
profils	O
grisâtres	O
de	O
tombereaux	O
barraient	O
la	O
rue	O
;	O
et	O
,	O
d'	O
un	O
bout	O
à	O
l'	O
autre	O
,	O
un	O
souffle	O
qui	O
passait	O
faisait	O
deviner	O
une	O
file	O
de	O
bêtes	O
attelées	O
qu'	O
on	O
ne	O
voyait	O
point	O
.	O
Des	O
appels	O
,	O
le	O
bruit	O
d'	O
une	O
pièce	O
de	O
bois	O
ou	O
d'	O
une	O
chaîne	O
de	O
fer	O
tombant	O
sur	O
le	O
pavé	O
,	O
l'	O
éboulement	O
sourd	O
d'	O
une	O
charretée	O
de	O
légumes	O
,	O
le	O
dernier	O
ébranlement	O
d'	O
une	O
voiture	O
buttant	O
contre	O
la	O
bordure	O
d'	O
un	O
trottoir	O
,	O
mettaient	O
dans	O
l'	O
air	O
encore	O
endormi	O
le	O
murmure	O
doux	O
de	O
quelque	O
retentissant	O
et	O
formidable	O
réveil	O
,	O
dont	O
on	O
sentait	O
l'	O
approche	O
,	O
au	O
fond	O
de	O
toute	O
cette	O
ombre	O
frémissante	O
.	O
Florent	S-PER
,	O
en	O
tournant	O
la	O
tête	O
,	O
aperçut	O
,	O
de	O
l'	O
autre	O
côté	O
de	O
ses	O
choux	O
,	O
un	O
homme	O
qui	O
ronflait	O
,	O
roulé	O
comme	O
un	O
paquet	O
dans	O
une	O
limousine	O
,	O
la	O
tête	O
sur	O
des	O
paniers	O
de	O
prunes	O
.	O
Plus	O
près	O
,	O
à	O
gauche	O
,	O
il	O
reconnut	O
un	O
enfant	O
d'	O
une	O
dizaine	O
d'	O
années	O
,	O
assoupi	O
avec	O
un	O
sourire	O
d'	O
ange	O
,	O
dans	O
le	O
creux	O
de	O
deux	O
montagnes	O
de	O
chicorées	O
.	O
Et	O
,	O
au	O
ras	O
du	O
trottoir	O
,	O
il	O
n'	O
y	O
avait	O
encore	O
de	O
bien	O
éveillé	O
que	O
les	O
lanternes	O
dansant	O
au	O
bout	O
de	O
bras	O
invisibles	O
,	O
enjambant	O
d'	O
un	O
saut	O
le	O
sommeil	O
qui	O
traînait	O
là	O
,	O
gens	O
et	O
légumes	O
en	O
tas	O
,	O
attendant	O
le	O
jour	O
.	O
Mais	O
ce	O
qui	O
le	O
surprenait	O
,	O
c'	O
était	O
,	O
aux	O
deux	O
bords	O
de	O
la	O
rue	O
,	O
de	O
gigantesques	O
pavillons	O
,	O
dont	O
les	O
toits	O
superposés	O
lui	O
semblaient	O
grandir	O
,	O
s'	O
étendre	O
,	O
se	O
perdre	O
,	O
au	O
fond	O
d'	O
un	O
poudroiement	O
de	O
lueurs	O
.	O
Il	O
rêvait	O
,	O
l'	O
esprit	O
affaibli	O
,	O
à	O
une	O
suite	O
de	O
palais	O
,	O
énormes	O
et	O
réguliers	O
,	O
d'	O
une	O
légèreté	O
de	O
cristal	O
,	O
allumant	O
sur	O
leurs	O
façades	O
les	O
mille	O
raies	O
de	O
flamme	O
de	O
personnes	O
continues	O
et	O
sans	O
fin	O
.	O
Entre	O
les	O
arêtes	O
fines	O
des	O
piliers	O
,	O
ces	O
minces	O
barres	O
jaunes	O
mettaient	O
des	O
échelles	O
de	O
lumière	O
,	O
qui	O
montaient	O
jusqu'	O
à	O
la	O
ligne	O
sombre	O
des	O
premiers	O
toits	O
,	O
qui	O
gravissaient	O
l'	O
entassement	O
des	O
toits	O
supérieurs	O
,	O
posant	O
dans	O
leur	O
carrure	O
les	O
grandes	O
carcasses	O
à	O
jour	O
de	O
salles	O
immenses	O
,	O
où	O
traînaient	O
,	O
sous	O
le	O
jaunissement	O
du	O
gaz	O
,	O
un	O
pêle-mêle	O
de	O
formes	O
grises	O
,	O
effacées	O
et	O
dormantes	O
.	O
Il	O
tourna	O
la	O
tête	O
,	O
fâché	O
d'	O
ignorer	O
où	O
il	O
était	O
,	O
inquiété	O
par	O
cette	O
vision	O
colossale	O
et	O
fragile	O
;	O
et	O
,	O
comme	O
il	O
levait	O
les	O
yeux	O
,	O
il	O
aperçut	O
le	O
cadran	O
lumineux	O
de	O
Saint-Eustache	O
,	O
avec	O
la	O
masse	O
grise	O
de	O
l'	O
église	O
.	O
Cela	O
l'	O
étonna	O
profondément	O
.	O
Il	O
était	O
à	O
la	O
pointe	O
Saint-Eustache	S-LOC
.	O
Cependant	O
,	O
madame	S-PER
François	O
était	O
revenue	O
.	O
Elle	O
discutait	O
violemment	O
avec	O
un	O
homme	O
qui	O
portait	O
un	O
sac	O
sur	O
l'	O
épaule	O
,	O
et	O
qui	O
voulait	O
lui	O
payer	O
ses	O
carottes	O
un	O
sou	O
la	O
botte	O
.	O
--	O
Tenez	O
,	O
vous	O
n'	O
êtes	O
pas	O
raisonnable	O
,	O
Lacaille	S-PER
.....	O
Vous	O
les	O
revendez	O
quatre	O
et	O
cinq	O
sous	O
aux	S-MISC
Parisiens	O
,	O
ne	O
dites	O
pas	O
non	O
...	O
À	O
deux	O
sous	O
,	O
si	O
vous	O
voulez	O
.	O
Et	O
,	O
comme	O
l'	O
homme	O
s'	O
en	O
allait:	O
--	O
Les	O
gens	O
croient	O
que	O
ça	O
pousse	O
tout	O
seul	O
,	O
vraiment	O
...	O
Il	O
peut	O
en	O
chercher	O
,	O
des	O
carottes	O
à	O
un	O
sou	O
,	O
cet	O
ivrogne	O
de	O
Lacaille	S-PER
...	O
Vous	O
verrez	O
qu'	O
il	O
reviendra	O
.	O
Elle	O
s'	O
adressait	O
à	O
Florent	S-PER
.	O
Puis	O
,	O
s'	O
asseyant	O
près	O
de	O
lui	O
:	O
--	O
Dites	O
donc	O
,	O
s'	O
il	O
y	O
a	O
longtemps	O
que	O
vous	O
êtes	O
absent	O
de	O
Paris	S-PER
,	O
vous	O
ne	O
connaissez	O
peut-être	O
pas	O
les	O
nouvelles	O
Halles	O
?	O
Voici	O
cinq	O
ans	O
au	O
plus	O
que	O
c'	O
est	O
bâti	O
...	O
Là	O
,	O
tenez	O
,	O
le	O
pavillon	O
qui	O
est	O
à	O
côté	O
de	O
nous	O
,	O
c'	O
est	O
le	O
pavillon	O
aux	O
fruits	O
et	O
aux	O
fleurs	O
;	O
plus	O
loin	O
,	O
la	O
marée	O
,	O
la	O
volaille	O
,	O
et	O
,	O
derrière	O
,	O
les	O
gros	O
légumes	O
,	O
le	O
beurre	O
,	O
le	O
fromage	O
...	O
Il	O
y	O
a	O
six	O
pavillons	O
,	O
de	O
ce	O
côté	O
-là	O
;	O
puis	O
,	O
de	O
l'	O
autre	O
côté	O
,	O
en	O
face	O
,	O
il	O
y	O
en	O
a	O
encore	O
quatre	O
:	O
la	O
viande	O
,	O
la	O
triperie	O
,	O
la	O
Vallée	O
...	O
C'	O
est	O
très-grand	O
,	O
mais	O
il	O
y	O
fait	O
rudement	O
froid	O
,	O
l'	O
hiver	O
.	O
On	O
dit	O
qu'	O
on	O
bâtira	O
encore	O
deux	O
pavillons	O
,	O
en	O
démolissant	O
les	O
maisons	O
,	O
autour	O
de	O
la	O
Halle	O
au	O
blé	O
.	O
Est	O
-ce	O
que	O
vous	O
connaissiez	O
tout	O
ça	O
?	O
--	O
Non	O
,	O
répondit	O
Florent	S-PER
,	O
j'	O
étais	O
à	O
l'	O
étranger	O
...	O
Et	O
cette	O
grande	O
rue	O
,	O
celle	O
qui	O
est	O
devant	O
nous	O
,	O
comment	O
la	O
nomme	O
-t	O
-on	O
?	O
--	O
C'	O
est	O
une	O
rue	O
nouvelle	O
,	O
la	S-LOC
rue	O
du	O
Pont-Neuf	O
,	O
qui	O
part	O
de	O
la	S-LOC
Seine	O
et	O
qui	O
arrive	O
jusqu'	O
ici	O
,	O
à	O
la	S-LOC
rue	O
Montmartre	O
et	O
à	O
la	O
rue	O
Montorgueil	O
...	O
S'	O
il	O
avait	O
fait	O
jour	O
,	O
vous	O
vous	O
seriez	O
tout	O
de	O
suite	O
reconnu	O
.	O
Elle	O
se	O
leva	O
,	O
en	O
voyant	O
une	O
femme	O
penchée	O
sur	O
ses	O
navets	O
.	O
--	O
C'	O
est	O
vous	O
,	O
mère	S-PER
Chantemesse	O
?	O
dit	O
-elle	O
amicalement	O
.	O
Florent	S-PER
regardait	O
le	O
bas	O
de	O
la	S-LOC
rue	O
Montorgueil	O
.	O
C'	O
était	O
là	O
qu'	O
une	O
bande	O
de	O
sergents	O
de	O
ville	O
l'	O
avait	O
pris	O
,	O
dans	O
la	O
nuit	O
du	O
4	O
décembre	O
.	O
Il	O
suivait	O
le	S-LOC
boulevard	O
Montmartre	O
,	O
vers	O
deux	O
heures	O
,	O
marchant	O
doucement	O
au	O
milieu	O
de	O
la	O
foule	O
,	O
souriant	O
de	O
tous	O
ces	O
soldats	O
que	O
l'	S-MISC
Élysée	O
promenait	O
sur	O
le	O
pavé	O
pour	O
se	O
faire	O
prendre	O
au	O
sérieux	O
,	O
lorsque	O
les	O
soldats	O
avaient	O
balayé	O
les	O
trottoirs	O
,	O
à	O
bout	O
portant	O
,	O
pendant	O
un	O
quart	O
d'	O
heure	O
.	O
Lui	O
,	O
poussé	O
,	O
jeté	O
à	O
terre	O
,	O
tomba	O
au	O
coin	O
de	O
la	S-LOC
rue	O
Vivienne	O
;	O
et	O
il	O
ne	O
savait	O
plus	O
,	O
la	O
foule	O
affolée	O
passait	O
sur	O
son	O
corps	O
,	O
avec	O
l'	O
horreur	O
affreuse	O
des	O
coups	O
de	O
feu	O
.	O
Quand	O
il	O
n'	O
entendit	O
plus	O
rien	O
,	O
il	O
voulut	O
se	O
relever	O
.	O
Il	O
avait	O
sur	O
lui	O
une	O
jeune	O
femme	O
,	O
en	O
chapeau	O
rose	O
,	O
dont	O
le	O
châle	O
glissait	O
,	O
découvrant	O
une	O
guimpe	O
plissée	O
à	O
petits	O
plis	O
.	O
Au-dessus	O
de	O
la	O
gorge	O
,	O
dans	O
la	O
guimpe	O
,	O
deux	O
balles	O
étaient	O
entrées	O
;	O
et	O
,	O
lorsqu'	O
il	O
repoussa	O
doucement	O
la	O
jeune	O
femme	O
,	O
pour	O
dégager	O
ses	O
jambes	O
,	O
deux	O
filets	O
de	O
sang	O
coulèrent	O
des	O
trous	O
sur	O
ses	O
mains	O
.	O
Alors	O
,	O
il	O
se	O
releva	O
d'	O
un	O
bond	O
,	O
il	O
s'	O
en	O
alla	O
,	O
fou	O
,	O
sans	O
chapeau	O
,	O
les	O
mains	O
humides	O
.	O
Jusqu'	O
au	O
soir	O
,	O
il	O
rôda	O
,	O
la	O
tête	O
perdue	O
,	O
voyant	O
toujours	O
la	O
jeune	O
femme	O
,	O
en	O
travers	O
sur	O
ses	O
jambes	O
,	O
avec	O
sa	O
face	O
toute	O
pâle	O
,	O
ses	O
grands	O
yeux	O
bleus	O
ouverts	O
,	O
ses	O
lèvres	O
souffrantes	O
,	O
son	O
étonnement	O
d'	O
être	O
morte	O
,	O
là	O
,	O
si	O
vite	O
.	O
Il	O
était	O
timide	O
;	O
à	O
trente	O
ans	O
,	O
il	O
n'	O
osait	O
regarder	O
en	O
face	O
les	O
visages	O
de	O
femme	O
,	O
et	O
il	O
avait	O
celui-là	O
,	O
pour	O
la	O
vie	O
,	O
dans	O
sa	O
mémoire	O
et	O
dans	O
son	O
coeur	O
.	O
C'	O
était	O
comme	O
une	O
femme	O
à	O
lui	O
qu'	O
il	O
aurait	O
perdue	O
.	O
Le	O
soir	O
,	O
sans	O
savoir	O
comment	O
,	O
encore	O
dans	O
l'	O
ébranlement	O
des	O
scènes	O
horribles	O
de	O
l'	O
après-midi	O
,	O
il	O
se	O
trouva	O
rue	S-LOC
Montorgueil	O
,	O
chez	O
un	O
marchand	O
de	O
vin	O
,	O
où	O
des	O
hommes	O
buvaient	O
en	O
parlant	O
de	O
faire	O
des	O
barricades	O
.	O
Il	O
les	O
accompagna	O
,	O
les	O
aida	O
à	O
arracher	O
quelques	O
pavés	O
,	O
s'	O
assit	O
sur	O
la	O
barricade	O
,	O
las	O
de	O
sa	O
course	O
dans	O
les	O
rues	O
,	O
se	O
disant	O
qu'	O
il	O
se	O
battrait	O
,	O
lorsque	O
les	O
soldats	O
allaient	O
venir	O
.	O
Il	O
n'	O
avait	O
pas	O
même	O
un	O
couteau	O
sur	O
lui	O
;	O
il	O
était	O
toujours	O
nu-tête	O
.	O
Vers	O
onze	O
heures	O
,	O
il	O
s'	O
assoupit	O
;	O
il	O
voyait	O
les	O
deux	O
trous	O
de	O
la	O
guimpe	O
blanche	O
à	O
petits	O
plis	O
,	O
qui	O
le	O
regardaient	O
comme	O
deux	O
yeux	O
rouges	O
de	O
larmes	O
et	O
de	O
sang	O
.	O
Lorsqu'	O
il	O
se	O
réveilla	O
,	O
il	O
était	O
tenu	O
par	O
quatre	O
sergents	O
de	O
ville	O
qui	O
le	O
bourraient	O
de	O
coups	O
de	O
poings	O
.	O
Les	O
hommes	O
de	O
la	O
barricade	O
avaient	O
pris	O
la	O
fuite	O
.	O
Mais	O
les	O
sergents	O
de	O
ville	O
devinrent	O
furieux	O
et	O
faillirent	O
l'	O
étrangler	O
,	O
quand	O
ils	O
s'	O
aperçurent	O
qu'	O
il	O
avait	O
du	O
sang	O
aux	O
mains	O
.	O
C'	O
était	O
le	O
sang	O
de	O
la	O
jeune	O
femme	O
.	O
Florent	S-PER
,	O
plein	O
de	O
ces	O
souvenirs	O
,	O
levait	O
les	O
yeux	O
sur	O
le	O
cadran	O
lumineux	O
de	S-LOC
Saint-Eustache	O
,	O
sans	O
même	O
voir	O
les	O
aiguilles	O
.	O
Il	O
était	O
près	O
de	O
quatre	O
heures	O
.	O
Les	S-LOC
Halles	O
dormaient	O
toujours	O
.	O
Madame	S-PER
François	O
causait	O
avec	O
la	S-PER
mère	O
Chantemesse	O
,	O
debout	O
,	O
discutant	O
le	O
prix	O
de	O
la	O
botte	O
de	O
navets	O
.	O
Et	O
Florent	S-PER
se	O
rappelait	O
qu'	O
on	O
avait	O
manqué	O
le	O
fusiller	O
là	O
,	O
contre	O
le	O
mur	O
de	O
Saint-Eustache	S-LOC
.	O
Un	O
peloton	O
de	O
gendarmes	O
venait	O
d'	O
y	O
casser	O
la	O
tête	O
à	O
cinq	O
malheureux	O
,	O
pris	O
à	O
une	O
barricade	O
de	O
la	S-LOC
rue	O
Grenéta	O
.	O
Les	O
cinq	O
cadavres	O
traînaient	O
sur	O
le	O
trottoir	O
,	O
à	O
un	O
endroit	O
où	O
il	O
croyait	O
apercevoir	O
aujourd'hui	O
des	O
tas	O
de	O
radis	O
roses	O
.	O
Lui	O
,	O
échappa	O
aux	O
fusils	O
,	O
parce	O
que	O
les	O
sergents	O
de	O
ville	O
n'	O
avaient	O
que	O
des	O
épées	O
.	O
On	O
le	O
conduisit	O
à	O
un	O
poste	O
voisin	O
,	O
en	O
laissant	O
au	O
chef	O
du	O
poste	O
cette	O
ligne	O
écrite	O
au	O
crayon	O
sur	O
un	O
chiffon	O
de	O
papier	O
:	O
«	O
Pris	O
les	O
mains	O
couvertes	O
de	O
sang	O
.	O
Très-dangereux	O
.	O
»	O
Jusqu'	O
au	O
matin	O
,	O
il	O
fut	O
traîné	O
de	O
poste	O
en	O
poste	O
.	O
Le	O
chiffon	O
de	O
papier	O
l'	O
accompagnait	O
.	O
On	O
lui	O
avait	O
mis	O
les	O
menottes	O
,	O
on	O
le	O
gardait	O
comme	O
un	O
fou	O
furieux	O
.	O
Au	O
poste	O
de	O
la	S-LOC
rue	O
de	O
la	O
Lingerie	O
,	O
des	O
soldats	O
ivres	O
voulurent	O
le	O
fusiller	O
;	O
ils	O
avaient	O
déjà	O
allumé	O
le	O
falot	O
,	O
quand	O
l'	O
ordre	O
vint	O
de	O
conduire	O
les	O
prisonniers	O
au	O
Dépôt	S-LOC
de	O
la	O
préfecture	O
de	O
police	O
.	O
Le	O
surlendemain	O
,	O
il	O
était	O
dans	O
une	O
casemate	O
du	O
fort	S-LOC
de	O
Bicêtre	O
.	O
C'	O
était	O
depuis	O
ce	O
jour	O
qu'	O
il	O
souffrait	O
de	O
la	O
faim	O
;	O
il	O
avait	O
eu	O
faim	O
dans	O
la	O
casemate	O
,	O
et	O
la	O
faim	O
ne	O
l'	O
avait	O
plus	O
quitté	O
.	O
Ils	O
se	O
trouvaient	O
une	O
centaine	O
parqués	O
au	O
fond	O
de	O
cette	O
cave	O
,	O
sans	O
air	O
,	O
dévorant	O
les	O
quelques	O
bouchées	O
de	O
pain	O
qu'	O
on	O
leur	O
jetait	O
,	O
ainsi	O
qu'	O
à	O
des	O
bêtes	O
enfermées	O
.	O
Lorsqu'	O
il	O
parut	O
devant	O
un	O
juge	O
d'	O
instruction	O
,	O
sans	O
témoins	O
d'	O
aucune	O
sorte	O
,	O
sans	O
défenseur	O
,	O
il	O
fut	O
accusé	O
de	O
faire	O
partie	O
d'	O
une	O
société	O
secrète	O
;	O
et	O
,	O
comme	O
il	O
jurait	O
que	O
ce	O
n'	O
était	O
pas	O
vrai	O
,	O
le	O
juge	O
tira	O
de	O
son	O
dossier	O
le	O
chiffon	O
de	O
papier	O
:	O
«	O
Pris	O
les	O
mains	O
couvertes	O
de	O
sang	O
.	O
Très-dangereux	O
.	O
»	O
Cela	O
suffit	O
.	O
On	O
le	O
condamna	O
à	O
la	O
déportation	O
.	O
Au	O
bout	O
de	O
six	O
semaines	O
,	O
en	O
janvier	O
,	O
un	O
geôlier	O
le	O
réveilla	O
,	O
une	O
nuit	O
,	O
l'	O
enferma	O
dans	O
une	O
cour	O
,	O
avec	O
quatre	O
cents	O
et	O
quelques	O
autres	O
prisonniers	O
.	O
Une	O
heure	O
plus	O
tard	O
,	O
ce	O
premier	O
convoi	O
partait	O
pour	O
les	O
pontons	O
et	O
l'	O
exil	O
,	O
les	O
menottes	O
aux	O
poignets	O
,	O
entre	O
deux	O
files	O
de	O
gendarmes	O
,	O
fusils	O
chargés	O
.	O
Ils	O
traversèrent	O
le	S-LOC
pont	O
d'	O
Austerlitz	O
,	O
suivirent	O
la	O
ligne	O
des	O
boulevards	O
,	O
arrivèrent	O
à	O
la	O
gare	O
du	S-LOC
Havre	O
.	O
C'	O
était	O
une	O
nuit	O
heureuse	O
de	O
carnaval	O
;	O
les	O
fenêtres	O
des	O
restaurants	O
du	O
boulevard	O
luisaient	O
;	O
à	O
la	O
hauteur	O
de	O
la	S-LOC
rue	O
Vivienne	O
,	O
à	O
l'	O
endroit	O
où	O
il	O
voyait	O
toujours	O
la	O
morte	O
inconnue	O
dont	O
il	O
emportait	O
l'	O
image	O
,	O
Florent	O
aperçut	O
,	O
au	O
fond	O
d'	O
une	O
grande	O
calèche	O
,	O
des	O
femmes	O
masquées	O
,	O
les	O
épaules	O
nues	O
,	O
la	O
voix	O
rieuse	O
,	O
se	O
fâchant	O
de	O
ne	O
pouvoir	O
passer	O
,	O
faisant	O
les	O
dégoûtées	O
devant	O
«	O
ces	O
forçats	O
qui	O
n'	O
en	O
finissaient	O
plus	O
.	O
»	O
De	O
Paris	B-LOC
au	E-LOC
Havre	O
,	O
les	O
prisonniers	O
n'	O
eurent	O
pas	O
une	O
bouchée	O
de	O
pain	O
,	O
pas	O
un	O
verre	O
d'	O
eau	O
;	O
on	O
avait	O
oublié	O
de	O
leur	O
distribuer	O
des	O
rations	O
avant	O
le	O
départ	O
.	O
Ils	O
ne	O
mangèrent	O
que	O
trente-six	O
heures	O
plus	O
tard	O
,	O
quand	O
on	O
les	O
eut	O
entassés	O
dans	O
la	O
cale	O
de	O
la	O
frégate	O
_le	O
Canada_	O
.	O
Non	O
,	O
la	O
faim	O
ne	O
l'	O
avait	O
plus	O
quitté	O
.	O
Il	O
fouillait	O
ses	O
souvenirs	O
,	O
ne	O
se	O
rappelait	O
pas	O
une	O
heure	O
de	O
plénitude	O
.	O
Il	O
était	O
devenu	O
sec	O
,	O
l'	O
estomac	O
rétréci	O
,	O
la	O
peau	O
collée	O
aux	O
os	O
.	O
Et	O
il	O
retrouvait	O
Paris	S-LOC
,	O
gras	O
,	O
superbe	O
,	O
débordant	O
de	O
nourriture	O
,	O
au	O
fond	O
des	O
ténèbres	O
;	O
il	O
y	O
rentrait	O
,	O
sur	O
un	O
lit	O
de	O
légumes	O
:	O
il	O
y	O
roulait	O
,	O
dans	O
un	O
inconnu	O
de	O
mangeailles	O
,	O
qu'	O
il	O
sentait	O
pulluler	O
autour	O
de	O
lui	O
et	O
qui	O
l'	O
inquiétait	O
.	O
La	O
nuit	O
heureuse	O
de	O
carnaval	O
avait	O
donc	O
continué	O
pendant	O
sept	O
ans	O
.	O
Il	O
revoyait	O
les	O
fenêtres	O
luisantes	O
des	O
boulevards	O
,	O
les	O
femmes	O
rieuses	O
,	O
la	O
ville	O
gourmande	O
qu'	O
il	O
avait	O
laissée	O
par	O
cette	O
lointaine	O
nuit	O
de	O
janvier	O
;	O
et	O
il	O
lui	O
semblait	O
que	O
tout	O
cela	O
avait	O
grandi	O
,	O
s'	O
était	O
épanoui	O
dans	O
cette	O
énormité	O
des	O
Halles	O
,	O
dont	O
il	O
commençait	O
à	O
entendre	O
le	O
souffle	O
colossal	O
,	O
épais	O
encore	O
de	O
l'	O
indigestion	O
de	O
la	O
veille	O
.	O
La	S-PER
mère	O
Chantemesse	O
s'	O
était	O
décidée	O
à	O
acheter	O
douze	O
bottes	O
de	O
navets	O
.	O
Elle	O
les	O
tenait	O
dans	O
son	O
tablier	O
,	O
sur	O
son	O
ventre	O
,	O
ce	O
qui	O
arrondissait	O
encore	O
sa	O
large	O
taille	O
;	O
et	O
elle	O
restait	O
là	O
,	O
causant	O
toujours	O
,	O
de	O
sa	O
voix	O
traînante	O
.	O
Quand	O
elle	O
fut	O
partie	O
,	O
madame	S-PER
François	O
vint	O
se	O
rasseoir	O
à	O
coté	O
de	O
Florent	S-PER
,	O
en	O
disant	O
:	O
--	O
Cette	O
pauvre	O
mère	S-PER
Chantemesse	O
,	O
elle	O
a	O
au	O
moins	O
soixante-douze	O
ans	O
.	O
J'	O
étais	O
gamine	O
,	O
qu'	O
elle	O
achetait	O
déjà	O
ses	O
navets	O
à	O
mon	O
père	O
.	O
Et	O
pas	O
un	O
parent	O
avec	O
ça	O
,	O
rien	O
qu'	O
une	O
coureuse	O
qu'	O
elle	O
a	O
ramassée	O
je	O
ne	O
sais	O
où	O
,	O
et	O
qui	O
la	O
fait	O
damner	O
...	O
Eh	O
bien	O
,	O
elle	O
vivote	O
,	O
elle	O
vend	O
au	O
petit	O
tas	O
,	O
elle	O
se	O
fait	O
encore	O
ses	O
quarante	O
sous	O
par	O
jour	O
...	O
Moi	O
,	O
je	O
ne	O
pourrais	O
pas	O
rester	O
dans	O
ce	O
diable	O
de	O
Paris	S-LOC
,	O
toute	O
la	O
journée	O
,	O
sur	O
un	O
trottoir	O
.	O
Si	O
l'	O
on	O
y	O
avait	O
quelques	O
parents	O
,	O
au	O
moins	O
!	O
Et	O
,	O
comme	O
Florent	S-PER
ne	O
causait	O
guère	O
:	O
--	O
Vous	O
avez	O
de	O
la	O
famille	O
à	O
Paris	O
,	O
n'	O
est	O
-ce	O
pas	O
?	O
demanda	O
-t	O
-elle	O
.	O
Il	O
parut	O
ne	O
pas	O
entendre	O
.	O
Sa	O
méfiance	O
revenait	O
.	O
Il	O
avait	O
la	O
tête	O
pleine	O
d'	O
histoires	O
de	O
police	O
,	O
d'	O
agents	O
guettant	O
à	O
chaque	O
coin	O
de	O
rue	O
,	O
de	O
femmes	O
vendant	O
les	O
secrets	O
qu'	O
elles	O
arrachaient	O
aux	O
pauvres	O
diables	O
.	O
Elle	O
était	O
tout	O
près	O
de	O
lui	O
,	O
elle	O
lui	O
semblait	O
pourtant	O
bien	O
honnête	O
,	O
avec	O
sa	O
grande	O
figure	O
calme	O
,	O
serrée	O
au	O
front	O
par	O
un	O
foulard	O
noir	O
et	O
jaune	O
.	O
Elle	O
pouvait	O
avoir	O
trente-cinq	O
ans	O
,	O
un	O
peu	O
forte	O
,	O
belle	O
de	O
sa	O
vie	O
en	O
plein	O
air	O
et	O
de	O
sa	O
virilité	O
adoucie	O
par	O
des	O
yeux	O
noirs	O
d'	O
une	O
tendresse	O
charitable	O
.	O
Elle	O
était	O
certainement	O
très-curieuse	O
,	O
mais	O
d'	O
une	O
curiosité	O
qui	O
devait	O
être	O
toute	O
bonne	O
.	O
Elle	O
reprit	O
,	O
sans	O
s'	O
offenser	O
du	O
silence	O
de	O
Florent	S-PER
:	O
--	O
Moi	O
,	O
j'	O
ai	O
eu	O
un	O
neveu	O
à	O
Paris	S-LOC
.	O
Il	O
a	O
mal	O
tourné	O
,	O
il	O
s'	O
est	O
engagé	O
...	O
Enfin	O
,	O
c'	O
est	O
heureux	O
quand	O
on	O
sait	O
où	O
descendre	O
.	O
Vos	O
parents	O
,	O
peut-être	O
,	O
vont	O
être	O
bien	O
surpris	O
de	O
vous	O
voir	O
.	O
Et	O
c'	O
est	O
une	O
joie	O
quand	O
on	O
revient	O
,	O
n'	O
est	O
-ce	O
pas	O
?	O
Tout	O
en	O
parlant	O
,	O
elle	O
ne	O
le	O
quittait	O
pas	O
des	O
yeux	O
,	O
apitoyée	O
sans	O
doute	O
par	O
son	O
extrême	O
maigreur	O
,	O
sentant	O
que	O
c'	O
était	O
un	O
«	O
monsieur	O
,	O
»	O
sous	O
sa	O
lamentable	O
défroque	O
noire	O
,	O
n'	O
osant	O
lui	O
mettre	O
une	O
pièce	O
blanche	O
dans	O
la	O
main	O
.	O
Enfin	O
,	O
timidement	O
:	O
--	O
Si	O
,	O
en	O
attendant	O
,	O
murmura	O
-t	O
-elle	O
,	O
vous	O
aviez	O
besoin	O
de	O
quelque	O
chose	O
...	O
Mais	O
il	O
refusa	O
avec	O
une	O
fierté	O
inquiète	O
;	O
il	O
dit	O
qu'	O
il	O
avait	O
tout	O
ce	O
qu'	O
il	O
lui	O
fallait	O
,	O
qu'	O
il	O
savait	O
où	O
aller	O
.	O
Elle	O
parut	O
heureuse	O
,	O
elle	O
répéta	O
plusieurs	O
fois	O
,	O
comme	O
pour	O
se	O
rassurer	O
elle-même	O
sur	O
son	O
sort	O
:	O
--	O
Ah!	O
bien	O
,	O
alors	O
,	O
vous	O
n'	O
avez	O
qu'	O
à	O
attendre	O
le	O
jour	O
.	O
Une	O
grosse	O
cloche	O
,	O
au-dessus	O
de	O
la	O
tête	O
de	O
Florent	S-PER
,	O
au	O
coin	O
du	O
pavillon	O
des	O
fruits	O
,	O
se	O
mit	O
à	O
sonner	O
.	O
Les	O
coups	O
,	O
lents	O
et	O
réguliers	O
,	O
semblaient	O
éveiller	O
de	O
proche	O
en	O
proche	O
le	O
sommeil	O
traînant	O
sur	O
le	O
carreau	O
.	O
Les	O
voitures	O
arrivaient	O
toujours	O
;	O
les	O
cris	O
des	O
charretiers	O
,	O
les	O
coups	O
de	O
fouet	O
,	O
les	O
écrasements	O
du	O
pavé	O
sous	O
le	O
fer	O
des	O
roues	O
et	O
le	O
sabot	O
des	O
bêtes	O
,	O
grandissaient	O
;	O
et	O
les	O
voitures	O
n'	O
avançaient	O
plus	O
que	O
par	O
secousses	O
,	O
prenant	O
la	O
file	O
,	O
s'	O
étendant	O
au	O
delà	O
des	O
regards	O
,	O
dans	O
des	O
profondeurs	O
grises	O
,	O
d'	O
où	O
montait	O
un	O
brouhaha	O
confus	O
.	O
Tout	O
le	O
long	O
de	O
la	S-LOC
rue	O
du	O
Pont-Neuf	O
,	O
on	O
déchargeait	O
,	O
les	O
tombereaux	O
acculés	O
aux	O
ruisseaux	O
,	O
les	O
chevaux	O
immobiles	O
et	O
serrés	O
,	O
rangés	O
comme	O
dans	O
une	O
foire	O
.	O
Florent	S-PER
s'	O
intéressa	O
à	O
une	O
énorme	O
voiture	O
de	O
boueux	O
,	O
pleine	O
de	O
choux	O
superbes	O
,	O
qu'	O
on	O
avait	O
eu	O
grand'peine	O
à	O
faire	O
reculer	O
jusqu'	O
au	O
trottoir	O
;	O
la	O
charge	O
dépassait	O
un	O
grand	O
diable	O
de	O
bec	O
de	O
gaz	O
planté	O
à	O
côté	O
,	O
éclairant	O
en	O
plein	O
l'	O
entassement	O
des	O
larges	O
feuilles	O
,	O
qui	O
se	O
rabattaient	O
comme	O
des	O
pans	O
de	O
velours	O
gros	O
vert	O
,	O
découpé	O
et	O
gaufré	O
.	O
Une	O
petite	O
paysanne	O
de	O
seize	O
ans	O
,	O
en	O
casaquin	O
et	O
en	O
bonnet	O
de	O
toile	O
bleue	O
,	O
montée	O
dans	O
le	O
tombereau	O
,	O
ayant	O
des	O
choux	O
jusqu'	O
aux	O
épaules	O
,	O
les	O
prenait	O
un	O
à	O
un	O
,	O
les	O
lançait	O
à	O
quelqu'un	O
que	O
l'	O
ombre	O
cachait	O
,	O
en	O
bas	O
.	O
La	O
petite	O
,	O
par	O
moments	O
,	O
perdue	O
,	O
noyée	O
,	O
glissait	O
,	O
disparaissait	O
sous	O
un	O
éboulement	O
;	O
puis	O
,	O
son	O
nez	O
rose	O
reparaissait	O
au	O
milieu	O
des	O
verdures	O
épaisses	O
;	O
elle	O
riait	O
,	O
et	O
les	O
choux	O
se	O
remettaient	O
à	O
voler	O
,	O
à	O
passer	O
entre	O
le	O
bec	O
de	O
gaz	O
et	O
Florent	S-PER
.	O
Il	O
les	O
comptait	O
machinalement	O
.	O
Quand	O
le	O
tombereau	O
fut	O
vide	O
,	O
cela	O
l'	O
ennuya	O
.	O
Sur	O
le	O
carreau	O
,	O
les	O
tas	O
déchargés	O
s'	O
étendaient	O
maintenant	O
jusqu'	O
à	O
la	O
chaussée	O
.	O
Entre	O
chaque	O
tas	O
,	O
les	O
maraîchers	O
ménageaient	O
un	O
étroit	O
sentier	O
pour	O
que	O
le	O
monde	O
pût	O
circuler	O
.	O
Tout	O
le	O
large	O
trottoir	O
,	O
couvert	O
d'	O
un	O
bout	O
à	O
l'	O
autre	O
,	O
s'	O
allongeait	O
,	O
avec	O
les	O
bosses	O
sombres	O
des	O
légumes	O
.	O
On	O
ne	O
voyait	O
encore	O
,	O
dans	O
la	O
clarté	O
brusque	O
et	O
tournante	O
des	O
lanternes	O
,	O
que	O
l'	O
épanouissement	O
charnu	O
d'	O
un	O
paquet	O
d'	O
artichauts	O
,	O
les	O
verts	O
délicats	O
des	O
salades	O
,	O
le	O
corail	O
rose	O
des	O
carottes	O
,	O
l'	O
ivoire	O
mat	O
des	O
navets	O
;	O
et	O
ces	O
éclairs	O
de	O
couleurs	O
intenses	O
filaient	O
le	O
long	O
des	O
tas	O
,	O
avec	O
les	O
lanternes	O
.	O
Le	O
trottoir	O
s'	O
était	O
peuplé	O
;	O
une	O
foule	O
s'	O
éveillait	O
,	O
allait	O
entre	O
les	O
marchandises	O
,	O
s'	O
arrêtant	O
,	O
causant	O
,	O
appelant	O
.	O
Une	O
voix	O
forte	O
,	O
au	O
loin	O
,	O
criait:	O
«	O
Eh!	O
la	O
chicorée	O
!	O
»	O
On	O
venait	O
d'	O
ouvrir	O
les	O
grilles	O
du	O
pavillon	O
aux	O
gros	O
légumes	O
;	O
les	O
revendeuses	O
de	O
ce	O
pavillon	O
,	O
en	O
bonnets	O
blancs	O
,	O
avec	O
un	O
fichu	O
noué	O
sur	O
leur	O
caraco	O
noir	O
,	O
et	O
les	O
jupes	O
relevées	O
par	O
des	O
épingles	O
pour	O
ne	O
pas	O
se	O
salir	O
,	O
faisaient	O
leur	O
provision	O
du	O
jour	O
,	O
chargeaient	O
de	O
leurs	O
achats	O
les	O
grandes	O
hottes	O
des	O
porteurs	O
posées	O
à	O
terre	O
.	O
Du	O
pavillon	O
à	O
la	O
chaussée	O
,	O
le	O
va-et-vient	O
des	O
hottes	O
s'	O
animait	O
,	O
au	O
milieu	O
des	O
têtes	O
cognées	O
,	O
des	O
mots	O
gras	O
,	O
du	O
tapage	O
des	O
voix	O
s'	O
enrouant	O
à	O
discuter	O
un	O
quart	O
d'	O
heure	O
pour	O
un	O
sou	O
.	O
Et	O
Florent	S-PER
s'	O
étonnait	O
du	O
calme	O
des	O
maraîchères	O
,	O
avec	O
leurs	O
madras	O
et	O
leur	O
teint	O
hâlé	O
,	O
dans	O
ce	O
chipotage	O
bavard	O
des	S-LOC
Halles	O
.	O
Derrière	O
lui	O
,	O
sur	O
le	O
carreau	O
de	O
la	S-LOC
rue	O
Rambuteau	O
,	O
on	O
vendait	O
les	O
fruits	O
.	O
Des	O
rangées	O
de	O
bourriches	O
,	O
de	O
paniers	O
bas	O
,	O
s'	O
alignaient	O
,	O
couverts	O
de	O
toile	O
ou	O
de	O
paille	O
;	O
et	O
une	O
odeur	O
de	O
mirabelles	O
trop	O
mûres	O
traînait	O
.	O
Une	O
voix	O
douce	O
et	O
lente	O
,	O
qu'	O
il	O
entendait	O
depuis	O
longtemps	O
,	O
lui	O
fit	O
tourner	O
la	O
tête	O
.	O
Il	O
vit	O
une	O
adorable	O
petite	O
femme	O
brune	O
,	O
assise	O
par	O
terre	O
,	O
qui	O
marchandait	O
.	O
--	O
Dis	O
donc	O
,	O
Marcel	S-PER
,	O
vends	O
-tu	O
pour	O
cent	O
sous	O
,	O
dis	O
?	O