Zola_ventreparis_Chapitre6	O
	
Huit	O
jours	O
plus	O
tard	O
,	O
Florent	S-PER
crut	O
qu’	O
il	O
allait	O
enfin	O
pouvoir	O
passer	O
à	O
l’	O
action	O
.	O
	
Une	O
occasion	O
suffisante	O
de	O
mécontentement	O
se	O
présentait	O
pour	O
lancer	O
dans	O
Paris	S-LOC
les	O
bandes	O
insurrectionnelles	O
.	O
	
Le	B-MISC
Corps	I-MISC
législatif	E-MISC
,	O
qu’	O
une	O
loi	O
de	O
dotation	O
avait	O
divisé	O
,	O
discutait	O
maintenant	O
un	O
projet	O
d’	O
impôt	O
très	O
impopulaire	O
,	O
qui	O
faisait	O
gronder	O
les	O
faubourgs	O
.	O
	
Le	O
ministère	O
,	O
redoutant	O
un	O
échec	O
,	O
luttait	O
de	O
toute	O
sa	O
puissance	O
.	O
	
De	O
longtemps	O
peut-être	O
un	O
meilleur	O
prétexte	O
ne	O
s’	O
offrirait	O
.	O
	
Un	O
matin	O
,	O
au	O
petit	O
jour	O
,	O
Florent	S-PER
alla	O
rôder	O
autour	O
du	B-LOC
Palais-Bourbon	E-LOC
.	O
	
Il	O
y	O
oublia	O
sa	O
besogne	O
d’	O
inspecteur	O
,	O
resta	O
à	O
examiner	O
les	O
lieux	O
jusqu’	O
à	O
huit	O
heures	O
,	O
sans	O
songer	O
seulement	O
que	O
son	O
absence	O
devait	O
révolutionner	O
le	O
pavillon	O
de	O
la	O
marée	O
.	O
	
Il	O
visita	O
chaque	O
rue	O
,	O
la	B-LOC
rue	I-LOC
de	I-LOC
Lille	E-LOC
,	O
la	B-LOC
rue	I-LOC
de	I-LOC
l’	I-LOC
Université	E-LOC
,	O
la	B-LOC
rue	I-LOC
de	I-LOC
Bourgogne	E-LOC
,	O
la	B-LOC
rue	I-LOC
Saint-Dominique	E-LOC
;	O
	
il	O
poussa	O
jusqu’	O
à	O
l’	B-LOC
esplanade	I-LOC
des	I-LOC
Invalides	E-LOC
,	O
s’	O
arrêtant	O
à	O
certains	O
carrefours	O
,	O
mesurant	O
les	O
distances	O
en	O
marchant	O
à	O
grandes	O
enjambées	O
.	O
	
Puis	O
,	O
de	O
retour	O
sur	O
le	B-LOC
quai	I-LOC
d’	I-LOC
Orsay	E-LOC
,	O
assis	O
sur	O
le	O
parapet	O
,	O
il	O
décida	O
que	O
l’	O
attaque	O
serait	O
donnée	O
de	O
tous	O
les	O
côtés	O
à	O
la	O
fois	O
:	O
les	O
bandes	O
du	O
Gros-Caillou	S-LOC
arriveraient	O
par	O
le	B-LOC
Champ-de-Mars	E-LOC
;	O
	
les	O
sections	O
du	B-LOC
nord	I-LOC
de	I-LOC
Paris	E-LOC
descendraient	O
par	O
la	B-LOC
Madeleine	E-LOC
;	O
	
celles	O
de	O
l’	O
ouest	O
et	O
du	O
sud	O
suivraient	O
les	O
quais	O
ou	O
s’	O
engageraient	O
par	O
petits	O
groupes	O
dans	O
les	B-LOC
rues	I-LOC
du	I-LOC
faubourg	I-LOC
Saint-Germain	E-LOC
.	O
	
Mais	O
,	O
sur	O
l’	O
autre	O
rive	O
,	O
les	B-LOC
Champs-Élysées	E-LOC
l’	O
inquiétaient	O
,	O
avec	O
leurs	O
avenues	O
découvertes	O
;	O
	
il	O
prévoyait	O
qu’	O
on	O
mettrait	O
là	O
du	O
canon	O
pour	O
balayer	O
les	O
quais	O
.	O
	
Alors	O
,	O
il	O
modifia	O
plusieurs	O
détails	O
du	O
plan	O
,	O
marquant	O
la	O
place	O
de	O
combat	O
des	O
sections	O
,	O
sur	O
un	O
carnet	O
qu’	O
il	O
tenait	O
à	O
la	O
main	O
.	O
	
La	O
véritable	O
attaque	O
aurait	O
décidément	O
lieu	O
par	O
la	B-LOC
rue	I-LOC
de	I-LOC
Bourgogne	E-LOC
et	O
la	B-LOC
rue	I-LOC
de	I-LOC
l’	I-LOC
Université	E-LOC
,	O
tandis	O
qu’	O
une	O
diversion	O
serait	O
faite	O
du	O
côté	O
de	O
la	B-LOC
Seine	E-LOC
.	O
	
Le	O
soleil	O
de	O
huit	O
heures	O
qui	O
lui	O
chauffait	O
la	O
nuque	O
avait	O
des	O
gaietés	O
blondes	O
sur	O
les	O
larges	O
trottoirs	O
et	O
dorait	O
les	O
colonnes	O
du	O
grand	O
monument	O
,	O
en	O
face	O
de	O
lui	O
.	O
	
Et	O
il	O
voyait	O
déjà	O
la	O
bataille	O
,	O
des	O
grappes	O
d’	O
hommes	O
pendues	O
à	O
ces	O
colonnes	O
,	O
les	O
grilles	O
crevées	O
,	O
le	O
péristyle	O
envahi	O
,	O
puis	O
tout	O
en	O
haut	O
,	O
brusquement	O
,	O
des	O
bras	O
maigres	O
qui	O
plantaient	O
un	O
drapeau	O
.	O
	
Il	O
revint	O
lentement	O
,	O
la	O
tête	O
basse	O
.	O
	
Un	O
roucoulement	O
la	O
lui	O
fit	O
relever	O
.	O
	
Il	O
s’	O
aperçut	O
qu’	O
il	O
traversait	O
le	B-LOC
jardin	I-LOC
des	I-LOC
Tuileries	E-LOC
.	O
	
Sur	O
une	O
pelouse	O
,	O
une	O
bande	O
de	O
ramiers	O
marchait	O
,	O
avec	O
des	O
dandinements	O
de	O
gorge	O
.	O
	
Il	O
s’	O
adossa	O
un	O
instant	O
à	O
la	O
caisse	O
d’	O
un	O
oranger	O
,	O
regardant	O
l’	O
herbe	O
et	O
les	O
ramiers	O
baignés	O
de	O
soleil	O
.	O
	
En	O
face	O
,	O
l’	O
ombre	O
des	O
marronniers	O
était	O
toute	O
noire	O
.	O
	
Un	O
silence	O
chaud	O
tombait	O
,	O
coupé	O
par	O
des	O
roulements	O
continus	O
,	O
au	O
loin	O
,	O
derrière	O
la	O
grille	O
de	O
la	B-LOC
rue	I-LOC
de	I-LOC
Rivoli	E-LOC
.	O
	
L’	O
odeur	O
des	O
verdures	O
l’	O
attendrit	O
beaucoup	O
,	O
en	O
le	O
faisant	O
songer	O
à	O
madame	B-PER
François	E-PER
.	O
	
Une	O
petite	O
fille	O
qui	O
passa	O
,	O
courant	O
derrière	O
un	O
cerceau	O
,	O
effraya	O
les	O
ramiers	O
.	O
	
Ils	O
s’	O
envolèrent	O
,	O
allèrent	O
se	O
poser	O
à	O
la	O
file	O
sur	O
le	O
bras	O
de	O
marbre	O
d’	O
un	O
lutteur	O
antique	O
,	O
au	O
milieu	O
de	O
la	O
pelouse	O
,	O
roucoulant	O
et	O
se	O
rengorgeant	O
d’	O
une	O
façon	O
plus	O
douce	O
.	O
	
Comme	O
Florent	S-PER
rentrait	O
aux	B-LOC
Halles	E-LOC
par	O
la	B-LOC
rue	I-LOC
Vauvilliers	E-LOC
,	O
il	O
entendit	O
la	O
voix	O
de	O
Claude	B-PER
Lantier	E-PER
qui	O
l’	O
appelait	O
.	O
	
Le	O
peintre	O
descendait	O
dans	O
le	O
sous-sol	O
du	O
pavillon	O
de	O
la	B-LOC
Vallée	E-LOC
.	O
	
–	O
Eh	O
!	O
venez	O
-vous	O
avec	O
moi	O
?	O
	
cria	O
-t	O
-il	O
.	O
	
Je	O
cherche	O
cette	O
brute	O
de	O
Marjolin	S-PER
.	O
	
Florent	S-PER
le	O
suivit	O
,	O
pour	O
s’	O
oublier	O
un	O
instant	O
encore	O
,	O
pour	O
retarder	O
de	O
quelques	O
minutes	O
son	O
retour	O
à	O
la	O
poissonnerie	O
.	O
	
Claude	S-PER
disait	O
que	O
,	O
maintenant	O
,	O
son	O
ami	B-PER
Marjolin	E-PER
n’	O
avait	O
plus	O
rien	O
à	O
désirer	O
;	O
	
il	O
était	O
une	O
bête	O
.	O
	
Il	O
nourrissait	O
le	O
projet	O
de	O
le	O
faire	O
poser	O
à	O
quatre	O
pattes	O
,	O
avec	O
son	O
rire	O
d’	O
innocent	O
.	O
	
Quand	O
il	O
avait	O
crevé	O
de	O
rage	O
une	O
ébauche	O
,	O
il	O
passait	O
des	O
heures	O
en	O
compagnie	O
de	O
l’	O
idiot	O
,	O
sans	O
parler	O
,	O
tâchant	O
d’	O
avoir	O
son	O
rire	O
.	O
	
–	O
	
Il	O
doit	O
gaver	O
ses	O
pigeons	O
,	O
murmura	O
-t	O
-il	O
.	O
	
Seulement	O
,	O
je	O
ne	O
sais	O
pas	O
où	O
est	O
la	O
resserre	O
de	O
monsieur	B-PER
Gavard	E-PER
.	O
	
Ils	O
fouillèrent	O
toute	O
la	O
cave	O
.	O
	
Au	O
centre	O
,	O
dans	O
l’	O
ombre	O
pâle	O
,	O
deux	O
fontaines	O
coulent	O
.	O
	
Les	O
resserres	O
sont	O
exclusivement	O
réservées	O
aux	O
pigeons	O
.	O
	
Le	O
long	O
des	O
treillages	O
,	O
c’	O
est	O
un	O
éternel	O
gazouillement	O
plaintif	O
,	O
un	O
chant	O
discret	O
d’oiseaux	O
sous	O
les	O
feuilles	O
,	O
quand	O
tombe	O
le	O
jour	O
.	O
	
Claude	S-PER
se	O
mit	O
à	O
rire	O
,	O
en	O
entendant	O
cette	O
musique	O
.	O
	
Il	O
dit	O
à	O
son	O
compagnon	O
:	O
	
–	O
	
Si	O
l’	O
on	O
ne	O
jurerait	O
pas	O
que	O
tous	O
les	O
amoureux	O
de	O
Paris	S-LOC
s’	O
embrassent	O
là-dedans	O
!	O
	
Cependant	O
,	O
pas	O
une	O
resserre	O
n’	O
était	O
ouverte	O
,	O
il	O
commençait	O
à	O
croire	O
que	O
Marjolin	S-PER
ne	O
se	O
trouvait	O
pas	O
dans	O
la	O
cave	O
,	O
lorsqu’	O
un	O
bruit	O
de	O
baisers	O
,	O
mais	O
de	O
baisers	O
sonores	O
,	O
l’	O
arrêta	O
net	O
devant	O
une	O
porte	O
entrebâillée	O
.	O
	
Il	O
l’	O
ouvrit	O
,	O
il	O
aperçut	O
cet	O
animal	O
de	O
Marjolin	S-PER
que	O
Cadine	S-PER
avait	O
fait	O
agenouiller	O
par	O
terre	O
,	O
sur	O
la	O
paille	O
,	O
de	O
façon	O
à	O
ce	O
que	O
le	O
visage	O
du	O
garçon	O
arrivât	O
juste	O
à	O
la	O
hauteur	O
de	O
ses	O
lèvres	O
.	O
	
Elle	O
l’	O
embrassait	O
doucement	O
,	O
partout	O
.	O
	
Elle	O
écartait	O
ses	O
longs	O
cheveux	O
blonds	O
,	O
allait	O
derrière	O
les	O
oreilles	O
,	O
sous	O
le	O
menton	O
,	O
le	O
long	O
de	O
la	O
nuque	O
,	O
revenait	O
sur	O
les	O
yeux	O
et	O
sur	O
la	O
bouche	O
,	O
sans	O
se	O
presser	O
,	O
mangeant	O
ce	O
visage	O
à	O
petites	O
caresses	O
,	O
ainsi	O
qu’	O
une	O
bonne	O
chose	O
à	O
elle	O
,	O
dont	O
elle	O
disposait	O
à	O
son	O
gré	O
.	O
	
Lui	O
,	O
complaisamment	O
,	O
restait	O
comme	O
elle	O
le	O
posait	O
.	O
	
Il	O
ne	O
savait	O
plus	O
.	O
	
Il	O
tendait	O
la	O
chair	O
,	O
sans	O
même	O
craindre	O
les	O
chatouilles	O
.	O
	
–	O
	
Eh	O
bien	O
!	O
	
c’	O
est	O
ça	O
,	O
dit	O
Claude	S-PER
,	O
ne	O
vous	O
gênez	O
pas	O
!	O
…	O
	
Tu	O
n’	O
as	O
pas	O
honte	O
,	O
grande	O
vaurienne	O
,	O
de	O
le	O
tourmenter	O
dans	O
cette	O
saleté	O
.	O
	
Il	O
a	O
des	O
ordures	O
plein	O
les	O
genoux	O
.	O
	
–	O
Tiens	O
!	O
dit	O
Cadine	S-PER
effrontément	O
,	O
ça	O
ne	O
le	O
tourmente	O
pas	O
.	O
	
Il	O
aime	O
bien	O
qu’	O
on	O
l’	O
embrasse	O
,	O
parce	O
qu’	O
il	O
a	O
peur	O
,	O
maintenant	O
,	O
dans	O
les	O
endroits	O
où	O
il	O
ne	O
fait	O
pas	O
clair	O
…	O
	
N’	O
est	O
-ce	O
pas	O
,	O
que	O
tu	O
as	O
peur	O
?	O
	
Elle	O
l’	O
avait	O
relevé	O
;	O
	
il	O
passait	O
les	O
mains	O
sur	O
son	O
visage	O
,	O
ayant	O
l’	O
air	O
de	O
chercher	O
les	O
baisers	O
que	O
la	O
petite	O
venait	O
d’	O
y	O
mettre	O
.	O
	
Il	O
balbutia	O
qu’	O
il	O
avait	O
peur	O
,	O
tandis	O
qu’	O
elle	O
reprenait	O
:	O
	
–	O
	
D’	O
ailleurs	O
,	O
j’	O
étais	O
venue	O
l’	O
aider	O
;	O
	
je	O
gavais	O
ses	O
pigeons	O
.	O
	
Florent	S-PER
regardait	O
les	O
pauvres	O
bêtes	O
.	O
	
Sur	O
des	O
planches	O
,	O
autour	O
de	O
la	O
resserre	O
,	O
étaient	O
rangés	O
des	O
coffres	O
sans	O
couvercle	O
,	O
dans	O
lesquels	O
les	O
pigeons	O
,	O
serrés	O
les	O
uns	O
contre	O
les	O
autres	O
,	O
les	O
pattes	O
roidies	O
,	O
mettaient	O
la	O
bigarrure	O
blanche	O
et	O
noire	O
de	O
leur	O
plumage	O
.	O
	
Par	O
moments	O
,	O
un	O
frisson	O
courait	O
sur	O
cette	O
nappe	O
mouvante	O
;	O
	
puis	O
,	O
les	O
corps	O
se	O
tassaient	O
,	O
on	O
n’	O
entendait	O
plus	O
qu’	O
un	O
caquetage	O
confus	O
.	O
	
Cadine	S-PER
avait	O
près	O
d’	O
elle	O
une	O
casserole	O
,	O
pleine	O
d’	O
eau	O
et	O
de	O
grains	O
;	O
	
elle	O
s’	O
emplissait	O
la	O
bouche	O
,	O
prenait	O
les	O
pigeons	O
un	O
à	O
un	O
,	O
leur	O
soufflait	O
une	O
gorgée	O
dans	O
le	O
bec	O
.	O
	
Et	O
eux	O
,	O
se	O
débattaient	O
,	O
étouffant	O
,	O
retombant	O
au	O
fond	O
des	O
coffres	O
,	O
l’	O
œil	O
blanc	O
,	O
ivres	O
de	O
cette	O
nourriture	O
avalée	O
de	O
force	O
.	O
	
–	O
	
Ces	O
innocents	O
!	O
murmura	O
Claude	S-PER
.	O
	
–	O
	
Tant	O
pis	O
pour	O
eux	O
!	O
dit	O
Cadine	S-PER
,	O
qui	O
avait	O
fini	O
.	O
	
Ils	O
sont	O
meilleurs	O
,	O
quand	O
on	O
les	O
a	O
bien	O
gavés	O
…	O
	
Voyez	O
-vous	O
,	O
dans	O
deux	O
heures	O
,	O
on	O
leur	O
fera	O
avaler	O
de	O
l’	O
eau	O
salée	O
,	O
à	O
ceux-là	O
.	O
	
Ça	O
leur	O
donne	O
la	O
chair	O
blanche	O
et	O
délicate	O
.	O
	
Deux	O
heures	O
après	O
,	O
on	O
les	O
saigne…	O
Mais	O
,	O
si	O
vous	O
voulez	O
voir	O
saigner	O
,	O
il	O
y	O
en	O
a	O
là	O
de	O
tout	O
prêts	O
,	O
auxquels	O
Marjolin	S-PER
va	O
faire	O
leur	O
affaire	O
.	O
	
Marjolin	S-PER
emportait	O
un	O
demi-cent	O
de	O
pigeons	O
dans	O
un	O
des	O
coffres	O
.	O
	
Claude	S-PER
et	O
Florent	S-PER
le	O
suivirent	O
.	O
	
Il	O
s’	O
établit	O
près	O
d’	O
une	O
fontaine	O
,	O
par	O
terre	O
,	O
posant	O
le	O
coffre	O
à	O
côté	O
de	O
lui	O
,	O
plaçant	O
sur	O
une	O
sorte	O
de	O
caisse	O
en	O
zinc	O
un	O
cadre	O
de	O
bois	O
grillé	O
de	O
traverses	O
minces	O
.	O
	
Puis	O
,	O
il	O
saigna	O
.	O
	
Rapidement	O
,	O
le	O
couteau	O
jouant	O
entre	O
les	O
doigts	O
,	O
il	O
saisissait	O
les	O
pigeons	O
par	O
les	O
ailes	O
,	O
leur	O
donnait	O
sur	O
la	O
tête	O
un	O
coup	O
de	O
manche	O
qui	O
les	O
étourdissait	O
,	O
leur	O
entrait	O
la	O
pointe	O
dans	O
la	O
gorge	O
.	O
	
Les	O
pigeons	O
avaient	O
un	O
court	O
frisson	O
,	O
les	O
plumes	O
chiffonnées	O
,	O
tandis	O
qu’	O
il	O
les	O
rangeait	O
à	O
la	O
file	O
,	O
la	O
tête	O
entre	O
les	O
barreaux	O
du	O
cadre	O
de	O
bois	O
,	O
au-dessus	O
de	O
la	O
caisse	O
de	O
zinc	O
,	O
où	O
le	O
sang	O
tombait	O
goutte	O
à	O
goutte	O
.	O
	
Et	O
cela	O
d’	O
un	O
mouvement	O
régulier	O
,	O
avec	O
le	O
tic-tac	O
du	O
manche	O
sur	O
les	O
crânes	O
qui	O
se	O
brisaient	O
,	O
le	O
geste	O
balancé	O
de	O
la	O
main	O
prenant	O
,	O
d’	O
un	O
côté	O
,	O
les	O
bêtes	O
vivantes	O
et	O
les	O
couchant	O
mortes	O
,	O
de	O
l’	O
autre	O
côté	O
.	O
	
Peu	O
à	O
peu	O
,	O
cependant	O
,	O
Marjolin	S-PER
allait	O
plus	O
vite	O
,	O
s’	O
égayait	O
à	O
ce	O
massacre	O
,	O
les	O
yeux	O
luisants	O
,	O
accroupi	O
comme	O
un	O
énorme	O
dogue	O
mis	O
en	O
joie	O
.	O
	
Il	O
finit	O
par	O
éclater	O
de	O
rire	O
,	O
par	O
chanter	O
:	O
«	O
Tic	O
-tac	O
,	O
tic-tac	O
,	O
tic-tac	O
»	O
,	O
accompagnant	O
la	O
cadence	O
du	O
couteau	O
d’	O
un	O
claquement	O
de	O
langue	O
,	O
faisant	O
un	O
bruit	O
de	O
moulin	O
écrasant	O
des	O
têtes	O
.	O
	
Les	O
pigeons	O
pendaient	O
comme	O
des	O
linges	O
de	O
soie	O
.	O
	
–	O
Hein	O
!	O
	
ça	O
t’amuse	O
,	O
grande	O
bête	O
,	O
dit	O
Cadine	S-PER
qui	O
riait	O
aussi	O
.	O
	
Ils	O
sont	O
drôles	O
,	O
les	O
pigeons	O
,	O
quand	O
ils	O
rentrent	O
la	O
tête	O
,	O
comme	O
ça	O
,	O
entre	O
les	O
épaules	O
,	O
pour	O
qu’	O
on	O
ne	O
leur	O
trouve	O
pas	O
le	O
cou…	O
	
Allez	O
,	O
ce	O
n’	O
est	O
pas	O
bon	O
,	O
ces	O
animaux	O
-là	O
;	O
	
ça	O
vous	O
pincerait	O
,	O
si	O
ça	O
pouvait	O
.	O
	
Et	O
,	O
riant	O
plus	O
haut	O
de	O
la	O
hâte	O
de	O
plus	O
en	O
plus	O
fiévreuse	O
de	O
Marjolin	S-PER
,	O
elle	O
ajouta	O
:	O
	
–	O
	
J’	O
ai	O
essayé	O
,	O
mais	O
je	O
ne	O
vais	O
pas	O
si	O
vite	O
que	O
lui	O
…	O
	
Un	O
jour	O
,	O
il	O
en	O
a	O
saigné	O
cent	O
en	O
dix	O
minutes	O
.	O
	
Le	O
cadre	O
de	O
bois	O
s’	O
emplissait	O
;	O
	
on	O
entendait	O
les	O
gouttes	O
de	O
sang	O
tomber	O
dans	O
la	O
caisse	O
.	O
	
Alors	O
Claude	S-PER
,	O
en	O
se	O
tournant	O
,	O
vit	O
Florent	S-PER
tellement	O
pâle	O
qu’	O
il	O
se	O
hâta	O
de	O
l’	O
emmener	O
.	O
	
En	O
haut	O
,	O
il	O
le	O
fit	O
asseoir	O
sur	O
une	O
marche	O
de	O
l’	O
escalier	O
.	O
	
–	O
	
Eh	O
bien	O
,	O
quoi	O
donc	O
!	O
	
dit	O
-il	O
en	O
lui	O
tapant	O
dans	O
les	O
mains	O
.	O
	
Voilà	O
que	O
vous	O
vous	O
évanouissez	O
comme	O
une	O
femme	O
.	O
	
–	O
	
C’	O
est	O
l’	O
odeur	O
de	O
la	O
cave	O
,	O
murmura	O
Florent	S-PER
un	O
peu	O
honteux	O
.	O
	
Ces	O
pigeons	O
,	O
auxquels	O
on	O
fait	O
avaler	O
du	O
grain	O
et	O
de	O
l’	O
eau	O
salée	O
,	O
qu’	O
on	O
assomme	O
et	O
qu’	O
on	O
égorge	O
,	O
lui	O
avaient	O
rappelé	O
les	O
ramiers	O
des	B-LOC
Tuileries	E-LOC
,	O
marchant	O
avec	O
leurs	O
robes	O
de	O
satin	O
changeant	O
dans	O
l’	O
herbe	O
jaune	O
de	O
soleil	O
.	O
	
Il	O
les	O
voyait	O
roucoulant	O
sur	O
le	O
bras	O
de	O
marbre	O
du	O
lutteur	O
antique	O
,	O
au	O
milieu	O
du	O
grand	O
silence	O
du	O
jardin	O
,	O
tandis	O
que	O
,	O
sous	O
l’	O
ombre	O
noire	O
des	O
marronniers	O
,	O
des	O
petites	O
filles	O
jouent	O
au	O
cerceau	O
.	O
	
Et	O
c’	O
était	O
alors	O
que	O
cette	O
grosse	O
brute	O
blonde	O
faisant	O
son	O
massacre	O
,	O
tapant	O
du	O
manche	O
et	O
trouant	O
de	O
la	O
pointe	O
,	O
au	O
fond	O
de	O
cette	O
cave	O
nauséabonde	O
,	O
lui	O
avait	O
donné	O
froid	O
dans	O
les	O
os	O
;	O
	
il	O
s’	O
était	O
senti	O
tomber	O
,	O
les	O
jambes	O
molles	O
,	O
les	O
paupières	O
battantes	O
.	O
	
–	O
Diable	O
!	O
	
reprit	O
Claude	S-PER
quand	O
il	O
fut	O
remis	O
,	O
vous	O
ne	O
feriez	O
pas	O
un	O
bon	O
soldat	O
…	O
	
Ah	O
bien	O
!	O
	
ceux	O
qui	O
vous	O
ont	O
envoyé	O
à	O
Cayenne	S-LOC
sont	O
encore	O
de	O
jolis	O
messieurs	O
,	O
d’	O
avoir	O
eu	O
peur	O
de	O
vous	O
.	O
	
Mais	O
,	O
mon	O
brave	O
,	O
si	O
vous	O
vous	O
mettez	O
jamais	O
d’	O
une	O
émeute	O
,	O
vous	O
n’oserez	O
pas	O
tirer	O
un	O
coup	O
de	O
pistolet	O
;	O
	
vous	O
aurez	O
trop	O
peur	O
de	O
tuer	O
quelqu’un	O
.	O
	
Florent	S-PER
se	O
leva	O
,	O
sans	O
répondre	O
.	O
	
Il	O
était	O
devenu	O
très	O
sombre	O
,	O
avec	O
des	O
rides	O
désespérées	O
qui	O
lui	O
coupaient	O
la	O
face	O
.	O
	
Il	O
s’	O
en	O
alla	O
,	O
laissant	O
Claude	S-PER
redescendre	O
dans	O
la	O
cave	O
;	O
et	O
,	O
en	O
se	O
rendant	O
à	O
la	O
poissonnerie	O
,	O
il	O
songeait	O
de	O
nouveau	O
au	O
plan	O
d’	O
attaque	O
,	O
aux	O
bandes	O
armées	O
qui	O
envahiraient	O
le	B-LOC
Palais-Bourbon	E-LOC
.	O
	
Dans	O
les	B-LOC
Champs-Élysées	E-LOC
,	O
le	O
canon	O
gronderait	O
;	O
	
les	O
grilles	O
seraient	O
brisées	O
;	O
	
il	O
y	O
aurait	O
du	O
sang	O
sur	O
les	O
marches	O
,	O
des	O
éclaboussures	O
de	O
cervelle	O
contre	O
les	O
colonnes	O
.	O
	
Ce	O
fut	O
une	O
vision	O
rapide	O
de	O
bataille	O
.	O
	
Lui	O
,	O
au	O
milieu	O
,	O
très	O
pâle	O
,	O
ne	O
pouvait	O
regarder	O
,	O
se	O
cachait	O
la	O
figure	O
entre	O
les	O
mains	O
.	O
	
Comme	O
il	O
traversait	O
la	B-LOC
rue	I-LOC
du	I-LOC
Pont-Neuf	E-LOC
,	O
il	O
crut	O
apercevoir	O
,	O
au	O
coin	O
du	O
pavillon	O
aux	O
fruits	O
,	O
la	O
face	O
blême	O
d’	O
Auguste	S-PER
qui	O
tendait	O
le	O
cou	O
.	O
	
Il	O
devait	O
guetter	O
quelqu’un	O
les	O
yeux	O
arrondis	O
par	O
une	O
émotion	O
extraordinaire	O
d’	O
imbécile	O
.	O
	
Il	O
disparut	O
brusquement	O
,	O
il	O
rentra	O
en	O
courant	O
à	O
la	O
charcuterie	O
.	O
	
–	O
	
Qu’	O
a	O
-t	O
-il	O
donc	O
?	O
pensa	O
Florent	S-PER
.	O
	
Est	O
-ce	O
que	O
je	O
lui	O
fais	O
peur	O
?	O
	
Dans	O
cette	O
matinée	O
,	O
il	O
s’	O
était	O
passé	O
de	O
très	O
graves	O
événements	O
chez	O
les	B-PER
Quenu-Gradelle	E-PER
.	O
	
Au	O
point	O
du	O
jour	O
,	O
Auguste	S-PER
accourut	O
tout	O
effaré	O
réveiller	O
la	O
patronne	O
,	O
en	O
lui	O
disant	O
que	O
la	O
police	O
venait	O
prendre	O
monsieur	B-PER
Florent	E-PER
.	O
	
Puis	O
,	O
balbutiant	O
davantage	O
,	O
il	O
lui	O
conta	O
confusément	O
que	O
celui-ci	O
était	O
sorti	O
,	O
qu’	O
il	O
avait	O
dû	O
se	O
sauver	O
.	O
	
La	B-PER
belle	I-PER
Lisa	E-PER
,	O
en	O
camisole	O
,	O
sans	O
corset	O
,	O
se	O
moquant	O
du	O
monde	O
,	O
monta	O
vivement	O
à	O
la	O
chambre	O
de	O
son	O
beau-frère	O
,	O
où	O
elle	O
prit	O
la	O
photographie	O
de	O
la	B-PER
Normande	E-PER
,	O
après	O
avoir	O
regardé	O
si	O
rien	O
ne	O
les	O
compromettait	O
.	O
	
Elle	O
redescendait	O
,	O
lorsqu’	O
elle	O
rencontra	O
les	O
agents	O
de	O
police	O
au	O
second	O
étage	O
.	O
	
Le	O
commissaire	O
la	O
pria	O
de	O
les	O
accompagner	O
.	O
	
Il	O
l’	O
entretint	O
un	O
instant	O
à	O
voix	O
basse	O
,	O
s’	O
installant	O
avec	O
ses	O
hommes	O
dans	O
la	O
chambre	O
,	O
lui	O
recommandant	O
d’	O
ouvrir	O
la	O
boutique	O
comme	O
d’	O
habitude	O
,	O
de	O
façon	O
à	O
ne	O
donner	O
l’	O
éveil	O
à	O
personne	O
.	O
	
Une	O
souricière	O
était	O
tendue	O
.	O
	
Le	O
seul	O
souci	O
de	O
la	B-PER
belle	I-PER
Lisa	E-PER
,	O
en	O
cette	O
aventure	O
,	O
était	O
le	O
coup	O
que	O
le	O
pauvre	O
Quenu	S-PER
allait	O
recevoir	O
.	O
	
Elle	O
craignait	O
,	O
en	O
outre	O
,	O
qu’	O
il	O
fît	O
tout	O
manquer	O
par	O
ses	O
larmes	O
,	O
s’	O
il	O
apprenait	O
que	O
la	O
police	O
se	O
trouvait	O
là	O
.	O
	
Aussi	O
exigea	O
-t	O
-elle	O
d’	O
Auguste	S-PER
le	O
serment	O
le	O
plus	O
absolu	O
de	O
silence	O
.	O
	
Elle	O
revint	O
mettre	O
son	O
corset	O
,	O
conta	O
à	O
Quenu	S-PER
endormi	O
une	O
histoire	O
.	O
	
Une	O
demi-heure	O
plus	O
tard	O
,	O
elle	O
était	O
sur	O
le	O
seuil	O
de	O
la	O
charcuterie	O
,	O
peignée	O
,	O
sanglée	O
,	O
vernie	O
,	O
la	O
face	O
rose	O
.	O
	
Auguste	S-PER
faisait	O
tranquillement	O
l’	O
étalage	O
.	O
	
Quenu	S-PER
parut	O
un	O
instant	O
sur	O
le	O
trottoir	O
,	O
bâillant	O
légèrement	O
,	O
achevant	O
de	O
s’	O
éveiller	O
dans	O
l’	O
air	O
frais	O
du	O
matin	O
.	O
	
Rien	O
n’	O
indiquait	O
le	O
drame	O
qui	O
se	O
nouait	O
en	O
haut	O
.	O
	
Mais	O
le	O
commissaire	O
donna	O
lui-même	O
l’	O
éveil	O
au	O
quartier	O
,	O
en	O
allant	O
faire	O
une	O
visite	O
domiciliaire	O
chez	O
les	B-PER
Méhudin	E-PER
,	O
rue	B-LOC
Pirouette	E-LOC
.	O
	
Il	O
avait	O
les	O
notes	O
les	O
plus	O
précises	O
.	O
	
Dans	O
les	O
lettres	O
anonymes	O
reçues	O
à	O
la	O
préfecture	O
,	O
on	O
affirmait	O
que	O
Florent	S-PER
couchait	O
le	O
plus	O
souvent	O
avec	O
la	B-PER
belle	I-PER
Normande	E-PER
.	O
	
Peut-être	O
s’	O
était	O
-il	O
réfugié	O
là	O
.	O
	
Le	O
commissaire	O
,	O
accompagné	O
de	O
deux	O
hommes	O
,	O
vint	O
secouer	O
la	O
porte	O
,	O
au	O
nom	O
de	O
la	O
loi	O
.	O
	
Les	B-PER
Méhudin	E-PER
se	O
levaient	O
à	O
peine	O
.	O
	
La	O
vieille	O
ouvrit	O
,	O
furieuse	O
,	O
puis	O
subitement	O
calmée	O
et	O
ricanant	O
,	O
lorsqu’	O
elle	O
sut	O
de	O
quoi	O
il	O
s’	O
agissait	O
.	O
	
Elle	O
s’	O
était	O
assise	O
,	O
rattachant	O
ses	O
vêtements	O
,	O
disant	O
à	O
ces	O
messieurs	O
:	O
	
–	O
	
Nous	O
sommes	O
d’	O
honnêtes	O
gens	O
,	O
nous	O
n’	O
avons	O
rien	O
à	O
craindre	O
,	O
vous	O
pouvez	O
chercher	O
.	O
	
Comme	O
la	B-PER
Normande	E-PER
n’	O
ouvrait	O
pas	O
assez	O
vite	O
la	O
porte	O
de	O
sa	O
chambre	O
,	O
le	O
commissaire	O
la	O
fit	O
enfoncer	O
.	O
	
Elle	O
s’	O
habillait	O
,	O
la	O
gorge	O
libre	O
,	O
montrant	O
ses	O
épaules	O
superbes	O
,	O
un	O
jupon	O
entre	O
les	O
dents	O
.	O
	
Cette	O
entrée	O
brutale	O
,	O
qu’	O
elle	O
ne	O
s’	O
expliquait	O
pas	O
,	O
l’	O
exaspéra	O
;	O
	
elle	O
lâcha	O
le	O
jupon	O
,	O
voulut	O
se	O
jeter	O
sur	O
les	O
hommes	O
,	O
en	O
chemise	O
,	O
plus	O
rouge	O
de	O
colère	O
que	O
de	O
honte	O
.	O
	
Le	O
commissaire	O
,	O
en	O
face	O
de	O
cette	O
grande	O
femme	O
nue	O
,	O
s’	O
avançait	O
,	O
protégeant	O
ses	O
hommes	O
,	O
répétant	O
de	O
sa	O
voix	O
froide	O
:	O
	
–	O
	
Au	O
nom	O
de	O
la	O
loi	O
!	O
au	O
nom	O
de	O
la	O
loi	O
!	O
	
Alors	O
,	O
elle	O
tomba	O
dans	O
un	O
fauteuil	O
,	O
sanglotante	O
,	O
secouée	O
par	O
une	O
crise	O
,	O
à	O
se	O
sentir	O
trop	O
faible	O
,	O
à	O
ne	O
pas	O
comprendre	O
ce	O
qu’	O
on	O
voulait	O
d’	O
elle	O
.	O
	
Ses	O
cheveux	O
s’	O
étaient	O
dénoués	O
,	O
sa	O
chemise	O
ne	O
lui	O
venait	O
pas	O
aux	O
genoux	O
,	O
les	O
agents	O
avaient	O
des	O
regards	O
de	O
côté	O
pour	O
la	O
voir	O
.	O
	
Le	O
commissaire	O
de	O
police	O
lui	O
jeta	O
un	O
châle	O
qu’	O
il	O
trouva	O
pendu	O
au	O
mur	O
.	O
	
Elle	O
ne	O
s’	O
en	O
enveloppa	O
même	O
pas	O
;	O
	
elle	O
pleurait	O
plus	O
fort	O
,	O
en	O
regardant	O
les	O
hommes	O
fouiller	O
brutalement	O
dans	O
son	O
lit	O
,	O
tâter	O
de	O
la	O
main	O
les	O
oreillers	O
,	O
visiter	O
les	O
draps	O
.	O
	
–	O
	
Mais	O
qu’	O
est	O
-ce	O
que	O
j’	O
ai	O
fait	O
?	O
	
finit	O
-elle	O
par	O
bégayer	O
.	O
	
Qu’	O
est	O
-ce	O
que	O
vous	O
cherchez	O
donc	O
dans	O
mon	O
lit	O
?	O
	
Le	O
commissaire	O
prononça	O
le	O
nom	O
de	O
Florent	S-PER
,	O
et	O
comme	O
la	O
vieille	O
Méhudin	S-PER
était	O
restée	O
sur	O
le	O
seuil	O
de	O
la	O
chambre	O
:	O
	
–	O
Ah	O
!	O
	
la	O
coquine	O
,	O
c’	O
est	O
elle	O
!	O
	
s’	O
écria	O
la	O
jeune	O
femme	O
,	O
en	O
voulant	O
s’	O
élancer	O
sur	O
sa	O
mère	O
.	O
	
Elle	O
l’	O
aurait	O
battue	O
.	O
	
On	O
la	O
retint	O
,	O
on	O
l’	O
enveloppa	O
de	O
force	O
dans	O
le	O
châle	O
.	O
	
Elle	O
se	O
débattait	O
,	O
elle	O
disait	O
d’	O
une	O
voix	O
suffoquée	O
:	O
	
–	O
	
Pour	O
qui	O
donc	O
me	O
prend	O
-on	O
!	O
…	O
	
Ce	O
Florent	S-PER
n’	O
est	O
jamais	O
entré	O
ici	O
,	O
entendez-vous	O
.	O
	
Il	O
n’	O
y	O
a	O
rien	O
eu	O
entre	O
nous	O
.	O
	
On	O
cherche	O
à	O
me	O
faire	O
du	O
tort	O
dans	O
le	O
quartier	O
,	O
mais	O
qu’	O
on	O
vienne	O
me	O
dire	O
quelque	O
chose	O
en	O
face	O
,	O
vous	O
verrez	O
.	O
	
On	O
me	O
mettra	O
en	O
prison	O
,	O
après	O
;	O
	
ça	O
m’	O
est	O
égal…	O
Ah	O
bien	O
!	O
	
Florent	S-PER
,	O
j’	O
ai	O
mieux	O
que	O
lui	O
!	O
	
Je	O
peux	O
épouser	O
qui	O
je	O
veux	O
,	O
je	O
les	O
ferai	O
crever	O
de	O
rage	O
,	O
celles	O
qui	O
vous	O
envoient	O
.	O
	
Ce	O
flot	O
de	O
paroles	O
la	O
calmait	O
.	O
	
Sa	O
fureur	O
se	O
tournait	O
contre	O
Florent	S-PER
,	O
qui	O
était	O
la	O
cause	O
de	O
tout	O
.	O
	
Elle	O
s’	O
adressa	O
au	O
commissaire	O
,	O
se	O
justifiant	O
:	O
	
–	O
	
Je	O
ne	O
savais	O
pas	O
,	O
monsieur	O
.	O
	
Il	O
avait	O
l’	O
air	O
très	O
doux	O
,	O
il	O
nous	O
a	O
trompées	O
.	O
	
Je	O
n’	O
ai	O
pas	O
voulu	O
écouter	O
ce	O
qu’	O
on	O
disait	O
,	O
parce	O
qu’	O
on	O
est	O
si	O
méchant	O
…	O
	
Il	O
venait	O
donner	O
des	O
leçons	O
au	O
petit	O
,	O
puis	O
il	O
s’	O
en	O
allait	O
.	O
	
Je	O
le	O
nourrissais	O
,	O
je	O
lui	O
faisais	O
souvent	O
cadeau	O
d’	O
un	O
beau	O
poisson	O
.	O
	
C’	O
est	O
tout…	O
Ah	O
!	O
	
non	O
,	O
par	O
exemple	O
,	O
on	O
ne	O
me	O
reprendra	O
plus	O
à	O
être	O
bonne	O
comme	O
ça	O
!	O
	
–	O
	
Mais	O
,	O
demanda	O
le	O
commissaire	O
,	O
il	O
a	O
dû	O
vous	O
donner	O
des	O
papiers	O
à	O
garder	O
?	O
	
–	O
	
Non	O
,	O
je	O
vous	O
jure	O
que	O
non…	O
Moi	O
,	O
ça	O
me	O
serait	O
égal	O
,	O
je	O
vous	O
les	O
remettrais	O
,	O
ces	O
papiers	O
.	O
	
J’	O
en	O
ai	O
assez	O
,	O
n’	O
est	O
-ce	O
pas	O
?	O
	
Ça	O
ne	O
m’amuse	O
guère	O
de	O
vous	O
voir	O
tout	O
fouiller	O
…	O
	
Allez	O
,	O
c’	O
est	O
bien	O
inutile	O
.	O
	
Les	O
agents	O
,	O
qui	O
avaient	O
visité	O
chaque	O
meuble	O
,	O
voulurent	O
alors	O
pénétrer	O
dans	O
le	O
cabinet	O
où	O
Muche	S-PER
couchait	O
.	O
	
Depuis	O
un	O
instant	O
,	O
on	O
entendait	O
l’	O
enfant	O
,	O
réveillé	O
par	O
le	O
bruit	O
,	O
qui	O
pleurait	O
à	O
chaudes	O
larmes	O
,	O
en	O
croyant	O
sans	O
doute	O
qu’	O
on	O
allait	O
venir	O
l’	O
égorger	O
.	O
	
–	O
	
C’	O
est	O
la	O
chambre	O
du	O
petit	O
,	O
dit	O
la	B-PER
Normande	E-PER
en	O
ouvrant	O
la	O
porte	O
.	O
	
Muche	S-PER
,	O
tout	O
nu	O
,	O
courut	O
se	O
pendre	O
à	O
son	O
cou	O
.	O
	
Elle	O
le	O
consola	O
,	O
le	O
coucha	O
dans	O
son	O
propre	O
lit	O
.	O
	
Les	O
agents	O
ressortirent	O
presque	O
aussitôt	O
du	O
cabinet	O
,	O
et	O
le	O
commissaire	O
se	O
décidait	O
à	O
se	O
retirer	O
,	O
lorsque	O
l’	O
enfant	O
,	O
encore	O
tout	O
éploré	O
,	O
murmura	O
à	O
l’	O
oreille	O
de	O
sa	O
mère	O
:	O
	
–	O
	
Ils	O
vont	O
prendre	O
mes	O
cahiers	O
…	O
	
Ne	O
leur	O
donne	O
pas	O
mes	O
cahiers	O
…	O
	
–	O
Ah	O
!	O
	
c’	O
est	O
vrai	O
,	O
s’	O
écria	O
la	B-PER
Normande	E-PER
,	O
il	O
y	O
a	O
les	O
cahiers	O
…	O
	
Attendez	O
,	O
messieurs	O
,	O
je	O
vais	O
vous	O
remettre	O
ça	O
.	O
	
Je	O
veux	O
vous	O
montrer	O
que	O
je	O
m’	O
en	O
moque…	O
Tenez	O
,	O
vous	O
trouverez	O
de	O
son	O
écriture	O
,	O
là-dedans	O
.	O
	
On	O
peut	O
bien	O
le	O
pendre	O
,	O
ce	O
n’	O
est	O
pas	O
moi	O
qui	O
irai	O
le	O
décrocher	O
.	O
	
Elle	O
donna	O
les	O
cahiers	O
de	O
Muche	S-PER
et	O
les	O
modèles	O
d’	O
écriture	O
.	O
	
Mais	O
le	O
petit	O
,	O
furieux	O
,	O
se	O
leva	O
de	O
nouveau	O
,	O
mordant	O
et	O
égratignant	O
sa	O
mère	O
,	O
qui	O
le	O
recoucha	O
d’	O
une	O
calotte	O
.	O
	
Alors	O
,	O
il	O
se	O
mit	O
à	O
hurler	O
.	O
	
Sur	O
le	O
seuil	O
de	O
la	O
chambre	O
,	O
dans	O
le	O
vacarme	O
,	O
mademoiselle	B-PER
Saget	E-PER
allongeait	O
le	O
cou	O
;	O
	
elle	O
était	O
entrée	O
,	O
trouvant	O
toutes	O
les	O
portes	O
ouvertes	O
,	O
offrant	O
ses	O
services	O
à	O
la	B-PER
mère	I-PER
Méhudin	E-PER
.	O
	
Elle	O
regardait	O
,	O
elle	O
écoutait	O
,	O
en	O
plaignant	O
beaucoup	O
ces	O
pauvres	O
dames	O
,	O
qui	O
n’	O
avaient	O
personne	O
pour	O
les	O
défendre	O
.	O
	
Cependant	O
,	O
le	O
commissaire	O
lisait	O
les	O
modèles	O
d’	O
écriture	O
,	O
d’	O
un	O
air	O
sérieux	O
.	O
	
Les	O
«	O
tyranniquement	O
»	O
,	O
les	O
«	O
liberticide	O
»	O
,	O
les	O
«	O
anticonstitutionnel	O
»	O
,	O
les	O
«	O
révolutionnaire	O
»	O
,	O
lui	O
faisaient	O
froncer	O
les	O
sourcils	O
.	O
	
Lorsqu’	O
il	O
lut	O
la	O
phrase	O
:	O
«	O
Quand	O
l’	O
heure	O
sonnera	O
,	O
le	O
coupable	O
tombera	O
»	O
,	O
il	O
donna	O
de	O
petites	O
tapes	O
sur	O
les	O
papiers	O
,	O
en	O
disant	O
:	O
	
–	O
	
C’	O
est	O
très	O
grave	O
,	O
très	O
grave	O
.	O
	
Il	O
remit	O
le	O
paquet	O
à	O
un	O
de	O
ses	O
agents	O
,	O
il	O
s’	O
en	O
alla	O
.	O
	
Claire	S-PER
,	O
qui	O
n’	O
avait	O
pas	O
encore	O
paru	O
,	O
ouvrit	O
sa	O
porte	O
,	O
regardant	O
ces	O
hommes	O
descendre	O
.	O
	
Puis	O
,	O
elle	O
vint	O
dans	O
la	O
chambre	O
de	O
sa	O
sœur	O
,	O
où	O
elle	O
n’	O
était	O
pas	O
entrée	O
depuis	O
un	O
an	O
.	O
	
Mademoiselle	B-PER
Saget	E-PER
paraissait	O
au	O
mieux	O
avec	O
la	B-PER
Normande	E-PER
;	O
	
elle	O
s’	O
attendrissait	O
sur	O
elle	O
,	O
ramenait	O
les	O
bouts	O
du	O
châle	O
pour	O
la	O
mieux	O
couvrir	O
,	O
recevait	O
avec	O
des	O
mines	O
apitoyées	O
les	O
premiers	O
aveux	O
de	O
sa	O
colère	O
.	O
	
–	O
	
Tu	O
es	O
bien	O
lâche	O
,	O
dit	O
Claire	S-PER
en	O
se	O
plantant	O
devant	O
sa	O
sœur	O
.	O
	
Celle-ci	O
se	O
leva	O
,	O
terrible	O
,	O
laissant	O
glisser	O
le	O
châle	O
.	O
	
–	O
	
Tu	O
mouchardes	O
donc	O
!	O
	
cria	O
-t	O
-elle	O
.	O
	
Répète	O
donc	O
un	O
peu	O
ce	O
que	O
tu	O
viens	O
de	O
dire	O
.	O
	
–	O
	
Tu	O
es	O
bien	O
lâche	O
,	O
répéta	O
la	O
jeune	O
fille	O
d’	O
une	O
voix	O
plus	O
insultante	O
.	O
	
Alors	O
,	O
la	B-PER
Normande	E-PER
,	O
à	O
toute	O
volée	O
,	O
donna	O
un	O
soufflet	O
à	O
Claire	S-PER
,	O
qui	O
pâlit	O
affreusement	O
et	O
qui	O
sauta	O
sur	O
elle	O
,	O
en	O
lui	O
enfonçant	O
les	O
ongles	O
dans	O
le	O
cou	O
.	O
	
Elles	O
luttèrent	O
un	O
instant	O
,	O
s’	O
arrachant	O
les	O
cheveux	O
,	O
cherchant	O
à	O
s’	O
étrangler	O
.	O
	
La	O
cadette	O
,	O
avec	O
une	O
force	O
surhumaine	O
,	O
toute	O
frêle	O
qu’	O
elle	O
était	O
,	O
poussa	O
l’	O
aînée	O
si	O
violemment	O
qu’	O
elles	O
allèrent	O
l’	O
une	O
et	O
l’	O
autre	O
tomber	O
dans	O
l’	O
armoire	O
,	O
dont	O
la	O
glace	O
se	O
fendit	O
.	O
	
Muche	S-PER
sanglotait	O
,	O
la	O
vieille	O
Méhudin	S-PER
criait	O
à	O
mademoiselle	B-PER
Saget	E-PER
de	O
l’	O
aider	O
à	O
les	O
séparer	O
.	O
	
Mais	O
Claire	S-PER
se	O
dégagea	O
,	O
en	O
disant	O
:	O
	
–	O
Lâche	O
,	O
lâche	O
…	O
	
Je	O
vais	O
aller	O
le	O
prévenir	O
,	O
ce	O
malheureux	O
que	O
tu	O
as	O
vendu	O
.	O
	
Sa	O
mère	O
lui	O
barra	O
la	O
porte	O
.	O
	
La	B-PER
Normande	E-PER
se	O
jeta	O
sur	O
elle	O
par-derrière	O
.	O
	
Et	O
,	O
mademoiselle	B-PER
Saget	E-PER
aidant	O
,	O
à	O
elles	O
trois	O
,	O
elles	O
la	O
poussèrent	O
dans	O
sa	O
chambre	O
,	O
où	O
elles	O
l’	O
enfermèrent	O
à	O
double	O
tour	O
,	O
malgré	O
sa	O
résistance	O
affolée	O
.	O
	
Elle	O
donnait	O
des	O
coups	O
de	O
pied	O
dans	O
la	O
porte	O
,	O
cassait	O
tout	O
chez	O
elle	O
.	O
	
Puis	O
,	O
on	O
n’	O
entendit	O
plus	O
qu’	O
un	O
grattement	O
furieux	O
,	O
un	O
bruit	O
de	O
fer	O
égratignant	O
le	O
plâtre	O
.	O
	
Elle	O
descellait	O
les	O
gonds	O
avec	O
la	O
pointe	O
de	O
ses	O
ciseaux	O
.	O
	
–	O
	
Elle	O
m’	O
aurait	O
tuée	O
,	O
si	O
elle	O
avait	O
eu	O
un	O
couteau	O
,	O
dit	O
la	B-PER
Normande	E-PER
,	O
en	O
cherchant	O
ses	O
vêtements	O
pour	O
s’	O
habiller	O
.	O
	
Vous	O
verrez	O
qu’	O
elle	O
finira	O
par	O
faire	O
un	O
mauvais	O
coup	O
,	O
avec	O
sa	O
jalousie…	O
Surtout	O
,	O
qu’	O
on	O
ne	O
lui	O
ouvre	O
pas	O
la	O
porte	O
.	O
	
Elle	O
ameuterait	O
le	O
quartier	O
contre	O
nous	O
.	O
	
Mademoiselle	B-PER
Saget	E-PER
s’	O
était	O
empressée	O
de	O
descendre	O
.	O
	
Elle	O
arriva	O
au	O
coin	O
de	O
la	B-LOC
rue	I-LOC
Pirouette	E-LOC
juste	O
au	O
moment	O
où	O
le	O
commissaire	O
rentrait	O
dans	O
l’	O
allée	O
des	O
Quenu-Gradelle	S-PER
.	O
	
Elle	O
comprit	O
,	O
elle	O
entra	O
à	O
la	O
charcuterie	O
,	O
les	O
yeux	O
si	O
brillants	O
,	O
que	O
Lisa	S-PER
lui	O
recommanda	O
le	O
silence	O
d’	O
un	O
geste	O
,	O
en	O
lui	O
montrant	O
Quenu	S-PER
qui	O
accrochait	O
des	O
bandes	O
de	O
petit	O
salé	O
.	O
	
Quand	O
il	O
fut	O
retourné	O
à	O
la	O
cuisine	O
,	O
la	O
vieille	O
conta	O
à	O
demi-voix	O
le	O
drame	O
qui	O
venait	O
de	O
se	O
passer	O
chez	O
les	B-PER
Méhudin	E-PER
.	O
	
La	O
charcutière	O
,	O
penchée	O
au-dessus	O
du	O
comptoir	O
,	O
la	O
main	O
sur	O
la	O
terrine	O
de	O
veau	O
piqué	O
,	O
écoutait	O
,	O
avec	O
la	O
mine	O
heureuse	O
d’	O
une	O
femme	O
qui	O
triomphe	O
.	O
	
Puis	O
,	O
comme	O
une	O
cliente	O
demandait	O
deux	O
pieds	O
de	O
cochon	O
,	O
elle	O
les	O
enveloppa	O
d’	O
un	O
air	O
songeur	O
.	O
	
–	O
	
Moi	O
,	O
je	O
n’	O
en	O
veux	O
pas	O
à	O
la	B-PER
Normande	E-PER
,	O
dit	O
-elle	O
enfin	O
à	O
mademoiselle	B-PER
Saget	E-PER
,	O
lorsqu’	O
elles	O
furent	O
seules	O
de	O
nouveau	O
.	O
	
Je	O
l’	O
aimais	O
beaucoup	O
,	O
j’	O
ai	O
regretté	O
qu’	O
on	O
nous	O
eût	O
fâchées	O
ensemble	O
…	O
	
Tenez	O
,	O
la	O
preuve	O
que	O
je	O
ne	O
suis	O
pas	O
méchante	O
,	O
c’	O
est	O
que	O
j’	O
ai	O
sauvé	O
ça	O
des	O
mains	O
de	O
la	O
police	O
,	O
et	O
que	O
je	O
suis	O
toute	O
prête	O
à	O
le	O
lui	O
rendre	O
,	O
si	O
elle	O
vient	O
me	O
le	O
demander	O
elle-même	O
.	O
