Zola_ventreparis_Chapitre5	O
Le	O
lendemain	O
,	O
vers	O
quatre	O
heures	O
,	O
Lisa	S-PER
se	O
rendit	O
à	O
Saint-Eustache	S-LOC
.	O
Elle	O
avait	O
fait	O
,	O
pour	O
traverser	O
la	O
place	O
,	O
une	O
toilette	O
sérieuse	O
,	O
toute	O
en	O
soie	O
noire	O
avec	O
son	O
châle	O
tapis	O
.	O
La	B-PER
belle	I-PER
Normande	E-PER
,	O
qui	O
,	O
de	O
la	O
poissonnerie	O
,	O
la	O
suivit	O
des	O
yeux	O
jusque	O
sous	O
la	O
porte	O
de	O
l’	O
église	O
,	O
en	O
resta	O
suffoquée	O
.	O
–	O
Ah	O
bien	O
!	O
merci	O
!	O
dit	O
-elle	O
méchamment	O
,	O
la	O
grosse	O
donne	O
dans	O
les	O
curés	O
maintenant	O
…	O
Ça	O
la	O
calmera	O
,	O
cette	O
femme	O
,	O
de	O
se	O
tremper	O
le	O
derrière	O
dans	O
l’	O
eau	O
bénite	O
.	O
Elle	O
se	O
trompait	O
,	O
Lisa	S-PER
n’	O
était	O
point	O
dévote	O
.	O
Elle	O
ne	O
pratiquait	O
pas	O
,	O
disait	O
d’	O
ordinaire	O
qu’	O
elle	O
tâchait	O
de	O
rester	O
honnête	O
en	O
toutes	O
choses	O
,	O
et	O
que	O
cela	O
suffisait	O
.	O
Mais	O
elle	O
n’	O
aimait	O
pas	O
qu’	O
on	O
parlât	O
mal	O
de	O
la	O
religion	O
devant	O
elle	O
;	O
souvent	O
elle	O
faisait	O
taire	O
Gavard	S-PER
,	O
qui	O
adorait	O
les	O
histoires	O
de	O
prêtres	O
et	O
de	O
religieuses	O
,	O
les	O
polissonneries	O
de	O
sacristie	O
.	O
Cela	O
lui	O
semblait	O
tout	O
à	O
fait	O
inconvenant	O
.	O
Il	O
fallait	O
laisser	O
à	O
chacun	O
sa	O
croyance	O
,	O
respecter	O
les	O
scrupules	O
de	O
tout	O
le	O
monde	O
.	O
Puis	O
,	O
d’	O
ailleurs	O
,	O
les	O
prêtres	O
étaient	O
généralement	O
de	O
braves	O
gens	O
.	O
Elle	O
connaissait	O
l’	B-PER
abbé	I-PER
Roustan	E-PER
,	O
de	O
Saint-Eustache	S-PER
,	O
un	O
homme	O
distingué	O
,	O
de	O
bon	O
conseil	O
,	O
dont	O
l’	O
amitié	O
lui	O
paraissait	O
très	O
sûre	O
.	O
Et	O
elle	O
finissait	O
,	O
en	O
expliquant	O
la	O
nécessité	O
absolue	O
de	O
la	O
religion	O
,	O
pour	O
le	O
plus	O
grand	O
nombre	O
;	O
elle	O
la	O
regardait	O
comme	O
une	O
police	O
qui	O
aidait	O
à	O
maintenir	O
l’	O
ordre	O
,	O
et	O
sans	O
laquelle	O
il	O
n’	O
y	O
avait	O
pas	O
de	O
gouvernement	O
possible	O
.	O
Quand	O
Gavard	S-PER
poussait	O
les	O
choses	O
un	O
peu	O
trop	O
loin	O
sur	O
ce	O
chapitre	O
,	O
disant	O
qu’	O
on	O
devrait	O
flanquer	O
les	O
curés	O
dehors	O
et	O
fermer	O
leurs	O
boutiques	O
,	O
elle	O
haussait	O
les	O
épaules	O
,	O
elle	O
répondait	O
:	O
–	O
Vous	O
seriez	O
bien	O
avancé	O
!	O
…	O
On	O
se	O
massacrerait	O
dans	O
les	O
rues	O
,	O
au	O
bout	O
d’	O
un	O
mois	O
,	O
et	O
l’	O
on	O
se	O
trouverait	O
forcé	O
d’	O
inventer	O
un	O
autre	O
bon	O
Dieu	S-PER
.	O
En	O
93	O
,	O
ça	O
s’	O
est	O
passé	O
comme	O
cela	O
…	O
Vous	O
savez	O
,	O
n’	O
est	O
-ce	O
pas	O
?	O
que	O
moi	O
je	O
ne	O
vis	O
pas	O
avec	O
les	O
curés	O
;	O
mais	O
je	O
dis	O
qu’	O
il	O
en	O
faut	O
,	O
parce	O
qu’	O
il	O
en	O
faut	O
.	O
Aussi	O
,	O
lorsque	O
Lisa	S-PER
allait	O
dans	O
une	O
église	O
,	O
elle	O
se	O
montrait	O
recueillie	O
.	O
Elle	O
avait	O
acheté	O
un	O
beau	O
paroissien	O
,	O
qu’	O
elle	O
n’	O
ouvrait	O
jamais	O
,	O
pour	O
assister	O
aux	O
enterrements	O
et	O
aux	O
mariages	O
.	O
Elle	O
se	O
levait	O
,	O
s’	O
agenouillait	O
aux	O
bons	O
endroits	O
,	O
s’	O
appliquant	O
à	O
garder	O
l’	O
attitude	O
décente	O
qu’	O
il	O
convenait	O
d’	O
avoir	O
.	O
C’	O
était	O
,	O
pour	O
elle	O
,	O
une	O
sorte	O
de	O
tenue	O
officielle	O
que	O
les	O
gens	O
honnêtes	O
,	O
les	O
commerçants	O
et	O
les	O
propriétaires	O
,	O
devaient	O
garder	O
devant	O
la	O
religion	O
.	O
Ce	O
jour	O
-là	O
,	O
la	O
belle	O
charcutière	O
,	O
en	O
entrant	O
à	O
Saint-Eustache	S-LOC
,	O
laissa	O
doucement	O
tomber	O
la	O
double	O
porte	O
en	O
drap	O
vert	O
déteint	O
,	O
usé	O
par	O
la	O
main	O
des	O
dévotes	O
.	O
Elle	O
trempa	O
les	O
doigts	O
dans	O
le	O
bénitier	O
,	O
se	O
signa	O
correctement	O
.	O
Puis	O
,	O
à	O
pas	O
étouffés	O
,	O
elle	O
alla	O
jusqu’	O
à	O
la	B-LOC
chapelle	I-LOC
de	I-LOC
sainte	I-LOC
Agnès	E-LOC
,	O
où	O
deux	O
femmes	O
agenouillées	O
,	O
la	O
face	O
dans	O
les	O
mains	O
,	O
attendaient	O
,	O
pendant	O
que	O
la	O
robe	O
bleue	O
d’	O
une	O
troisième	O
débordait	O
du	O
confessionnal	O
.	O
Elle	O
parut	O
contrariée	O
;	O
et	O
,	O
s’	O
adressant	O
à	O
un	O
bedeau	O
qui	O
passait	O
,	O
avec	O
sa	O
calotte	O
noire	O
,	O
en	O
traînant	O
les	O
pieds	O
:	O
–	O
C’	O
est	O
donc	O
le	O
jour	O
de	O
confession	O
de	O
monsieur	O
l’	B-PER
abbé	I-PER
Roustan	E-PER
?	O
demanda	O
-t	O
-elle.	O
Il	O
répondit	O
que	O
monsieur	O
l’	O
abbé	O
n’	O
avait	O
plus	O
que	O
deux	O
pénitentes	O
,	O
que	O
ce	O
ne	O
serait	O
pas	O
long	O
,	O
et	O
que	O
,	O
si	O
elle	O
voulait	O
prendre	O
une	O
chaise	O
,	O
son	O
tour	O
arriverait	O
tout	O
de	O
suite	O
.	O
Elle	O
remercia	O
,	O
sans	O
dire	O
qu’	O
elle	O
ne	O
venait	O
pas	O
pour	O
se	O
confesser	O
.	O
Elle	O
résolut	O
d’	O
attendre	O
,	O
marchant	O
à	O
petits	O
pas	O
sur	O
les	O
dalles	O
,	O
allant	O
jusqu’	O
à	O
la	O
grande	O
porte	O
,	O
d’	O
où	O
elle	O
regarda	O
la	O
nef	O
toute	O
nue	O
,	O
haute	O
et	O
sévère	O
,	O
entre	O
les	O
bas-côtés	O
peints	O
de	O
couleurs	O
vives	O
;	O
elle	O
levait	O
un	O
peu	O
le	O
menton	O
,	O
trouvant	O
le	O
maître-autel	O
trop	O
simple	O
,	O
ne	O
goûtant	O
pas	O
cette	O
grandeur	O
froide	O
de	O
la	O
pierre	O
,	O
préférant	O
les	O
dorures	O
et	O
les	O
bariolages	O
des	O
chapelles	O
latérales	O
.	O
Du	O
côté	O
de	O
la	B-LOC
rue	I-LOC
du	I-LOC
Jour	E-LOC
,	O
ces	O
chapelles	O
restaient	O
grises	O
,	O
éclairées	O
par	O
des	O
fenêtres	O
poussiéreuses	O
;	O
tandis	O
que	O
,	O
du	O
côté	O
des	B-LOC
Halles	E-LOC
,	O
le	O
coucher	O
du	O
soleil	O
allumait	O
les	O
vitraux	O
des	O
verrières	O
,	O
égayées	O
de	O
teintes	O
très	O
tendres	O
,	O
des	O
verts	O
et	O
des	O
jaunes	O
surtout	O
,	O
si	O
limpides	O
qu’	O
ils	O
lui	O
rappelèrent	O
les	O
bouteilles	O
de	O
liqueur	O
,	O
devant	O
la	O
glace	O
de	O
monsieur	B-PER
Lebigre	E-PER
.	O
Elle	O
revint	O
de	O
ce	O
côté	O
,	O
qui	O
semblait	O
comme	O
attiédi	O
par	O
cette	O
lumière	O
de	O
braise	O
,	O
s’	O
intéressa	O
un	O
instant	O
aux	O
châsses	O
,	O
aux	O
garnitures	O
des	O
autels	O
,	O
aux	O
peintures	O
vues	O
dans	O
des	O
reflets	O
de	O
prisme	O
.	O
L’	O
église	O
était	O
vide	O
,	O
toute	O
frissonnante	O
du	O
silence	O
de	O
ses	O
voûtes	O
.	O
Quelques	O
jupes	O
de	O
femmes	O
faisaient	O
des	O
taches	O
sombres	O
dans	O
l’	O
effacement	O
jaunâtre	O
des	O
chaises	O
;	O
et	O
,	O
des	O
confessionnaux	O
fermés	O
,	O
un	O
chuchotement	O
sortait	O
.	O
En	O
repassant	O
devant	O
la	B-LOC
chapelle	I-LOC
de	I-LOC
sainte	I-LOC
Agnès	E-LOC
,	O
elle	O
vit	O
que	O
la	O
robe	O
bleue	O
était	O
toujours	O
aux	O
pieds	O
de	O
l’	B-PER
abbé	I-PER
Roustan	E-PER
.	O
–	O
Moi	O
,	O
j’	O
aurais	O
fini	O
en	O
dix	O
secondes	O
,	O
si	O
je	O
voulais	O
,	O
pensa	O
-t	O
-elle 	O
avec	O
l’	O
orgueil	O
de	O
son	O
honnêteté	O
.	O
Elle	O
alla	O
au	O
fond	O
.	O
Derrière	O
le	O
maître-autel	O
,	O
dans	O
l’	O
ombre	O
de	O
la	O
double	O
rangée	O
des	O
piliers	O
,	O
la	B-LOC
chapelle	I-LOC
de	I-LOC
la	I-LOC
Vierge	E-LOC
est	O
toute	O
moite	O
de	O
silence	O
et	O
d’	O
obscurité	O
.	O
Les	O
vitraux	O
,	O
très	O
sombres	O
,	O
ne	O
détachent	O
que	O
des	O
robes	O
de	O
saints	O
,	O
à	O
larges	O
pans	O
rouges	O
et	O
violets	O
,	O
brûlant	O
comme	O
des	O
flammes	O
d’	O
amour	O
mystique	O
dans	O
le	O
recueillement	O
,	O
l’	O
adoration	O
muette	O
des	O
ténèbres	O
.	O
C’	O
est	O
un	O
coin	O
de	O
mystère	O
,	O
un	O
enfoncement	O
crépusculaire	O
du	O
paradis	O
,	O
où	O
brillent	O
les	O
étoiles	O
de	O
deux	O
cierges	O
,	O
où	O
quatre	O
lustres	O
à	O
lampes	O
de	O
métal	O
,	O
tombant	O
de	O
la	O
voûte	O
,	O
à	O
peine	O
entrevus	O
,	O
font	O
songer	O
aux	O
grands	O
encensoirs	O
d’	O
or	O
que	O
les	O
anges	O
balancent	O
au	O
coucher	O
de	O
Marie	S-PER
.	O
Entre	O
les	O
piliers	O
,	O
des	O
femmes	O
sont	O
toujours	O
là	O
,	O
pâmées	O
sur	O
des	O
chaises	O
retournées	O
,	O
abîmées	O
dans	O
cette	O
volupté	O
noire	O
.	O
Lisa	S-PER
,	O
debout	O
,	O
regardait	O
,	O
très	O
tranquillement	O
.	O
Elle	O
n’	O
était	O
point	O
nerveuse	O
.	O
Elle	O
trouvait	O
qu’	O
on	O
avait	O
tort	O
de	O
ne	O
pas	O
allumer	O
les	O
lustres	O
,	O
que	O
ce	O
serait	O
plus	O
gai	O
avec	O
des	O
lumières	O
.	O
Même	O
il	O
y	O
avait	O
une	O
indécence	O
dans	O
cette	O
ombre	O
,	O
un	O
jour	O
et	O
un	O
souffle	O
d’	O
alcôve	O
,	O
qui	O
lui	O
semblaient	O
peu	O
convenables	O
.	O
À	O
côté	O
d’	O
elle	O
,	O
des	O
cierges	O
brûlant	O
sur	O
une	O
herse	O
lui	O
chauffaient	O
la	O
figure	O
,	O
tandis	O
qu’	O
une	O
vieille	O
femme	O
grattait	O
avec	O
un	O
gros	O
couteau	O
la	O
cire	O
tombée	O
,	O
figée	O
en	O
larmes	O
pâles	O
.	O
Et	O
,	O
dans	O
le	O
frisson	O
religieux	O
de	O
la	O
chapelle	O
,	O
dans	O
cette	O
pâmoison	O
muette	O
d’	O
amour	O
,	O
elle	O
entendait	O
très	O
bien	O
le	O
roulement	O
des	O
fiacres	O
qui	O
débouchaient	O
de	O
la	B-LOC
rue	I-LOC
Montmartre	E-LOC
,	O
derrière	O
les	O
saints	O
rouges	O
et	O
violets	O
des	O
vitraux	O
.	O
Au	O
loin	O
,	O
les	B-LOC
Halles	E-LOC
grondaient	O
,	O
d’	O
une	O
voix	O
continue	O
.	O
Comme	O
elle	O
allait	O
quitter	O
la	O
chapelle	O
,	O
elle	O
vit	O
entrer	O
la	O
cadette	O
des	B-PER
Méhudin	E-PER
,	O
Claire	S-PER
,	O
la	O
marchande	O
de	O
poissons	O
d’	O
eau	O
douce	O
.	O
Elle	O
fit	O
allumer	O
un	O
cierge	O
à	O
la	O
herse	O
.	O
Puis	O
,	O
elle	O
vint	O
s’	O
agenouiller	O
derrière	O
un	O
pilier	O
,	O
les	O
genoux	O
cassés	O
sur	O
la	O
pierre	O
,	O
si	O
pâle	O
dans	O
ses	O
cheveux	O
blonds	O
mal	O
attachés	O
,	O
qu’	O
elle	O
semblait	O
une	O
morte	O
.	O
Là	O
,	O
se	O
croyant	O
cachée	O
,	O
elle	O
agonisa	O
,	O
elle	O
pleura	O
à	O
chaudes	O
larmes	O
,	O
avec	O
des	O
ardeurs	O
de	O
prières	O
qui	O
la	O
pliaient	O
comme	O
sous	O
un	O
grand	O
vent	O
,	O
avec	O
tout	O
un	O
emportement	O
de	O
femme	O
qui	O
se	O
livre	O
.	O
La	O
belle	O
charcutière	O
resta	O
fort	O
surprise	O
,	O
car	O
les	B-PER
Méhudin	E-PER
n’	O
étaient	O
guère	O
dévotes	O
;	O
Claire	S-PER
surtout	O
parlait	O
de	O
la	O
religion	O
et	O
des	O
prêtres	O
,	O
d’	O
ordinaire	O
,	O
d’	O
une	O
façon	O
à	O
faire	O
dresser	O
les	O
cheveux	O
sur	O
la	O
tête	O
.	O
–	O
Qu’	O
est	O
-ce	O
qu’	O
il	O
lui	O
prend	O
donc	O
?	O
se	O
dit	O
-elle 	O
en	O
revenant	O
de	O
nouveau	O
à	O
la	B-LOC
chapelle	I-LOC
de	I-LOC
sainte	I-LOC
Agnès	E-LOC
.	O
Elle	O
aura	O
empoisonné	O
quelque	O
homme	O
,	O
cette	O
gueuse	O
.	O
L’	B-PER
abbé	I-PER
Roustan	E-PER
sortait	O
enfin	O
de	O
son	O
confessionnal	O
.	O
C’	O
était	O
un	O
bel	O
homme	O
,	O
d’	O
une	O
quarantaine	O
d’	O
années	O
,	O
l’	O
air	O
souriant	O
et	O
bon	O
.	O
Quand	O
il	O
reconnut	O
madame	B-PER
Quenu	E-PER
,	O
il	O
lui	O
serra	O
les	O
mains	O
,	O
l’	O
appela	O
«	O
chère	O
dame	O
»,	O
l’	O
emmena	O
à	O
la	O
sacristie	O
où	O
il	O
ôta	O
son	O
surplis	O
,	O
en	O
lui	O
disant	O
qu’	O
il	O
allait	O
être	O
tout	O
à	O
elle	O
.	O
Ils	O
revinrent	O
,	O
lui	O
en	O
soutane	O
,	O
tête	O
nue	O
,	O
elle	O
se	O
carrant	O
dans	O
son	O
châle	O
tapis	O
,	O
et	O
ils	O
se	O
promenèrent	O
le	O
long	O
des	O
chapelles	O
latérales	O
,	O
du	O
côté	O
de	O
la	B-LOC
rue	I-LOC
du	I-LOC
Jour	E-LOC
.	O
Ils	O
parlaient	O
à	O
voix	O
basse	O
.	O
Le	O
soleil	O
se	O
mourait	O
dans	O
les	O
vitraux	O
,	O
l’	O
église	O
devenait	O
noire	O
,	O
les	O
pas	O
des	O
dernières	O
dévotes	O
avaient	O
un	O
frôlement	O
doux	O
sur	O
les	O
dalles	O
.	O
Cependant	O
,	O
Lisa	S-PER
expliqua	O
ses	O
scrupules	O
à	O
l’	B-PER
abbé	I-PER
Roustan	E-PER
.	O
Jamais	O
il	O
n’	O
était	O
question	O
entre	O
eux	O
de	O
religion	O
.	O
Elle	O
ne	O
se	O
confessait	O
pas	O
,	O
elle	O
le	O
consultait	O
simplement	O
dans	O
les	O
cas	O
difficiles	O
,	O
à	O
titre	O
d’	O
homme	O
discret	O
et	O
sage	O
,	O
qu’	O
elle	O
préférait	O
,	O
disait	O
-elle	O
parfois	O
,	O
à	O
ces	O
hommes	O
d’	O
affaires	O
louches	O
qui	O
sentent	O
le	O
bagne	O
.	O
Lui	O
,	O
se	O
montrait	O
d’	O
une	O
complaisance	O
inépuisable	O
;	O
il	O
feuilletait	O
le	O
code	O
pour	O
elle	O
,	O
lui	O
indiquait	O
les	O
bons	O
placements	O
d’	O
argent	O
,	O
résolvait	O
avec	O
tact	O
les	O
difficultés	O
morales	O
,	O
lui	O
recommandait	O
des	O
fournisseurs	O
,	O
avait	O
une	O
réponse	O
prête	O
à	O
toutes	O
les	O
demandes	O
,	O
si	O
diverses	O
et	O
si	O
compliquées	O
qu’	O
elles	O
fussent	O
,	O
le	O
tout	O
naturellement	O
,	O
sans	O
mettre	O
Dieu	S-PER
de	O
l’	O
affaire	O
,	O
sans	O
chercher	O
à	O
en	O
tirer	O
un	O
bénéfice	O
quelconque	O
à	O
son	O
profit	O
ou	O
au	O
profit	O
de	O
la	O
religion	O
.	O
Un	O
remerciement	O
et	O
un	O
sourire	O
lui	O
suffisaient	O
.	O
Il	O
semblait	O
bien	O
aise	O
d’	O
obliger	O
cette	O
belle	O
madame	B-PER
Quenu	E-PER
,	O
dont	O
sa	O
femme	O
de	O
ménage	O
lui	O
parlait	O
souvent	O
avec	O
respect	O
,	O
comme	O
d’	O
une	O
personne	O
très	O
estimée	O
dans	O
le	O
quartier	O
.	O
Ce	O
jour	O
-là,	O
la	O
consultation	O
fut	O
particulièrement	O
délicate	O
.	O
Il	O
s’	O
agissait	O
de	O
savoir	O
quelle	O
conduite	O
l’	O
honnêteté	O
l’	O
autorisait	O
à	O
tenir	O
vis-à-vis	O
de	O
son	O
beau-frère	O
;	O
si	O
elle	O
avait	O
le	O
droit	O
de	O
le	O
surveiller	O
,	O
de	O
l’	O
empêcher	O
de	O
les	O
compromettre	O
,	O
son	O
mari	O
,	O
sa	O
fille	O
et	O
elle	O
;	O
et	O
encore	O
jusqu’	O
où	O
elle	O
pourrait	O
aller	O
dans	O
un	O
danger	O
pressant	O
.	O
Elle	O
ne	O
demanda	O
pas	O
brutalement	O
ces	O
choses	O
,	O
elle	O
posa	O
les	O
questions	O
avec	O
des	O
ménagements	O
si	O
bien	O
choisis	O
que	O
l’	O
abbé	O
put	O
disserter	O
sur	O
la	O
matière	O
sans	O
entrer	O
dans	O
les	O
personnalités	O
.	O
Il	O
fut	O
plein	O
d’	O
arguments	O
contradictoires	O
.	O
En	O
somme	O
,	O
il	O
jugea	O
qu’	O
une	O
âme	O
juste	O
avait	O
le	O
droit	O
,	O
le	O
devoir	O
même	O
d’	O
empêcher	O
le	O
mal	O
,	O
quitte	O
à	O
employer	O
les	O
moyens	O
nécessaires	O
au	O
triomphe	O
du	O
bien	O
.	O
–	O
Voilà	O
mon	O
opinion	O
,	O
chère	O
dame	O
,	O
dit	O
-il	O
en	O
finissant	O
.	O
La	O
discussion	O
des	O
moyens	O
est	O
toujours	O
grave	O
.	O
Les	O
moyens	O
sont	O
le	O
grand	O
piège	O
où	O
se	O
prennent	O
les	O
vertus	O
ordinaires	O
…	O
Mais	O
je	O
connais	O
votre	O
belle	O
conscience	O
.	O
Pesez	O
chacun	O
de	O
vos	O
actes	O
,	O
et	O
si	O
rien	O
ne	O
proteste	O
en	O
vous	O
,	O
allez	O
hardiment	O
…	O
Les	O
natures	O
honnêtes	O
ont	O
cette	O
grâce	O
merveilleuse	O
de	O
mettre	O
de	O
leur	O
honnêteté	O
dans	O
tout	O
ce	O
qu’	O
elles	O
touchent	O
.	O
Et	O
changeant	O
de	O
voix	O
,	O
il	O
continua	O
:	O
–	O
Dites	O
bien	O
à	O
monsieur	B-PER
Quenu	E-PER
que	O
je	O
lui	O
souhaite	O
le	O
bonjour	O
.	O
Quand	O
je	O
passerai	O
,	O
j’	O
entrerai	O
pour	O
embrasser	O
ma	O
bonne	O
petite	O
Pauline	S-PER
…	O
Au	O
revoir	O
,	O
chère	O
dame	O
,	O
et	O
tout	O
à	O
votre	O
disposition	O
.	O
Il	O
rentra	O
dans	O
la	O
sacristie	O
.	O
Lisa	S-PER
,	O
en	O
s’	O
en	O
allant	O
,	O
eut	O
la	O
curiosité	O
de	O
voir	O
si	O
Claire	S-PER
priait	O
toujours	O
;	O
mais	O
Claire	S-PER
était	O
retournée	O
à	O
ses	O
carpes	O
et	O
à	O
ses	O
anguilles	O
;	O
il	O
n’	O
y	O
avait	O
plus	O
,	O
devant	O
la	B-LOC
chapelle	I-LOC
de	I-LOC
la	I-LOC
Vierge	E-LOC
,	O
où	O
la	O
nuit	O
s’	O
était	O
faite	O
,	O
qu’	O
une	O
débandade	O
de	O
chaises	O
renversées	O
,	O
culbutées	O
,	O
sous	O
la	O
chaleur	O
dévote	O
des	O
femmes	O
qui	O
s’	O
étaient	O
agenouillées	O
là	O
.	O
Quand	O
la	O
belle	O
charcutière	O
traversa	O
de	O
nouveau	O
la	O
place	O
,	O
la	B-MISC
Normande	E-MISC
,	O
qui	O
guettait	O
sa	O
sortie	O
,	O
la	O
reconnut	O
dans	O
le	O
crépuscule	O
à	O
la	O
rondeur	O
de	O
ses	O
jupes	O
.	O
–	O
Merci	O
!	O
s’	O
écria	O
-t	O
-elle,	O
elle	O
est	O
restée	O
plus	O
d’	O
une	O
heure	O
.	O
Quand	O
les	O
curés	O
la	O
vident	O
de	O
ses	O
péchés	O
,	O
celle	O
-là,	O
les	O
enfants	O
de	O
chœur	O
font	O
la	O
chaîne	O
pour	O
jeter	O
les	O
seaux	O
d’	O
ordures	O
à	O
la	O
rue	O
.	O
Le	O
lendemain	O
matin	O
,	O
Lisa	S-PER
monta	O
droit	O
à	O
la	O
chambre	O
de	O
Florent	S-PER
.	O
Elle	O
s’	O
y	O
installa	O
en	O
toute	O
tranquillité	O
,	O
certaine	O
de	O
n’	O
être	O
pas	O
dérangée	O
,	O
décidée	O
d’	O
ailleurs	O
à	O
mentir	O
,	O
à	O
dire	O
qu’	O
elle	O
venait	O
s’	O
assurer	O
de	O
la	O
propreté	O
du	O
linge	O
,	O
si	O
Florent	S-PER
remontait	O
.	O
Elle	O
l’	O
avait	O
vu	O
,	O
en	O
bas	O
,	O
très	O
occupé	O
,	O
au	O
milieu	O
de	O
la	O
marée	O
.	O
S’	O
asseyant	O
devant	O
la	O
petite	O
table	O
,	O
elle	O
enleva	O
le	O
tiroir	O
,	O
le	O
mit	O
sur	O
ses	O
genoux	O
,	O
le	O
vida	O
avec	O
de	O
grandes	O
précautions	O
,	O
en	O
ayant	O
grand	O
soin	O
de	O
replacer	O
les	O
paquets	O
de	O
papiers	O
dans	O
le	O
même	O
ordre	O
.	O
Elle	O
trouva	O
d’	O
abord	O
les	O
premiers	O
chapitres	O
de	O
l’	O
ouvrage	O
sur	O
Cayenne	S-LOC
,	O
puis	O
les	O
projets	O
,	O
les	O
plans	O
de	O
toutes	O
sortes	O
,	O
la	O
transformation	O
des	O
octrois	O
en	O
taxes	O
sur	O
les	O
transactions	O
,	O
la	O
réforme	O
du	O
système	O
administratif	O
des	B-LOC
Halles	E-LOC
,	O
et	O
les	O
autres	O
.	O
Ces	O
pages	O
de	O
fine	O
écriture	O
qu’	O
elle	O
s’	O
appliquait	O
à	O
lire	O
l’	O
ennuyèrent	O
beaucoup	O
;	O
elle	O
allait	O
remettre	O
le	O
tiroir	O
,	O
convaincue	O
que	O
Florent	O
cachait	O
ailleurs	O
la	O
preuve	O
de	O
ses	O
mauvais	O
desseins	O
,	O
rêvant	O
déjà	O
de	O
fouiller	O
la	O
laine	O
des	O
matelas	O
,	O
lorsqu’	O
elle	O
découvrit	O
,	O
dans	O
une	O
enveloppe	O
à	O
lettre	O
,	O
le	O
portrait	O
de	O
la	B-MISC
Normande	E-MISC
.	O
La	O
photographie	O
était	O
un	O
peu	O
noire	O
.	O
La	B-MISC
Normande	E-MISC
posait	O
debout	O
,	O
le	O
bras	O
droit	O
appuyé	O
sur	O
une	O
colonne	O
tronquée	O
;	O
et	O
elle	O
avait	O
tous	O
ses	O
bijoux	O
,	O
une	O
robe	O
de	O
soie	O
neuve	O
qui	O
bouffait	O
,	O
un	O
rire	O
insolent	O
.	O
Lisa	S-PER
oublia	O
son	O
beau-frère	O
,	O
ses	O
terreurs	O
,	O
ce	O
qu’	O
elle	O
était	O
venue	O
faire	O
là	O
.	O
Elle	O
s’	O
absorba	O
dans	O
une	O
de	O
ces	O
contemplations	O
de	O
femme	O
dévisageant	O
une	O
autre	O
femme	O
,	O
tout	O
à	O
l’	O
aise	O
,	O
sans	O
crainte	O
d’	O
être	O
vue	O
.	O
Jamais	O
elle	O
n’	O
avait	O
eu	O
le	O
loisir	O
d’	O
étudier	O
sa	O
rivale	O
de	O
si	O
près	O
.	O
Elle	O
examina	O
les	O
cheveux	O
,	O
le	O
nez	O
,	O
la	O
bouche	O
,	O
éloigna	O
la	O
photographie	O
,	O
la	O
rapprocha	O
.	O
Puis	O
,	O
les	O
lèvres	O
pincées	O
,	O
elle	O
lut	O
sur	O
le	O
revers	O
,	O
écrit	O
en	O
grosses	O
vilaines	O
lettres	O
:	O
«	O
Louise	S-PER
à	O
son	O
ami	O
Florent	S-PER
.	O
»	O
Cela	O
la	O
scandalisa	O
,	O
c’	O
était	O
un	O
aveu	O
.	O
L’	O
envie	O
lui	O
vint	O
de	O
prendre	O
cette	O
carte	O
,	O
de	O
la	O
garder	O
comme	O
une	O
arme	O
contre	O
son	O
ennemie	O
.	O
Elle	O
la	O
remit	O
lentement	O
dans	O
l’	O
enveloppe	O
,	O
en	O
songeant	O
que	O
ce	O
serait	O
mal	O
,	O
et	O
qu’	O
elle	O
la	O
retrouverait	O
toujours	O
,	O
d’	O
ailleurs	O
.	O
Alors	O
,	O
feuilletant	O
de	O
nouveau	O
les	O
pages	O
volantes	O
,	O
les	O
rangeant	O
une	O
à	O
une	O
,	O
elle	O
eut	O
l’	O
idée	O
de	O
regarder	O
au	O
fond	O
,	O
à	O
l’	O
endroit	O
où	O
Florent	S-PER
avait	O
repoussé	O
le	O
fil	O
et	O
les	O
aiguilles	O
d’	O
Augustine	S-PER
;	O
et	O
là	O
,	O
entre	O
le	O
paroissien	O
et	O
la	O
Clef	O
des	O
songes	O
,	O
elle	O
découvrit	O
ce	O
qu’	O
elle	O
cherchait	O
,	O
des	O
notes	O
très	O
compromettantes	O
,	O
simplement	O
défendues	O
par	O
une	O
chemise	O
de	O
papier	O
gris	O
.	O
L’	O
idée	O
d’	O
une	O
insurrection	O
,	O
du	O
renversement	O
de	O
l’	B-MISC
Empire	E-MISC
,	O
à	O
l’	O
aide	O
d’	O
un	O
coup	O
de	O
force	O
,	O
avancée	O
un	O
soir	O
par	O
Logre	S-PER
chez	O
monsieur	B-PER
Lebigre	E-PER
,	O
avait	O
lentement	O
mûri	O
dans	O
l’	O
esprit	O
ardent	O
de	O
Florent	S-PER
.	O
Il	O
y	O
vit	O
bientôt	O
un	O
devoir	O
,	O
une	O
mission	O
.	O
Ce	O
fut	O
le	O
but	O
enfin	O
trouvé	O
de	O
son	O
évasion	O
de	O
Cayenne	S-LOC
et	O
de	O
son	O
retour	O
à	O
Paris	S-LOC
.	O
Croyant	O
avoir	O
à	O
venger	O
sa	O
maigreur	O
contre	O
cette	O
ville	O
engraissée	O
,	O
pendant	O
que	O
les	O
défenseurs	O
du	O
droit	O
crevaient	O
la	O
faim	O
en	O
exil	O
,	O
il	O
se	O
fit	O
justicier	O
,	O
il	O
rêva	O
de	O
se	O
dresser	O
,	O
des	B-LOC
Halles	E-LOC
mêmes	O
,	O
pour	O
écraser	O
ce	O
règne	O
de	O
mangeailles	O
et	O
de	O
soûleries	O
.	O
Dans	O
ce	O
tempérament	O
tendre	O
,	O
l’	O
idée	O
fixe	O
plantait	O
aisément	O
son	O
clou	O
.	O
Tout	O
prenait	O
des	O
grossissements	O
formidables	O
,	O
les	O
histoires	O
les	O
plus	O
étranges	O
se	O
bâtissaient	O
,	O
il	O
s’	O
imaginait	O
que	O
les	O
Halles	O
s’	O
étaient	O
emparées	O
de	O
lui	O
,	O
à	O
son	O
arrivée	O
,	O
pour	O
l’	O
amollir	O
,	O
l’	O
empoisonner	O
de	O
leurs	O
odeurs	O
.	O
Puis	O
,	O
c’	O
était	O
Lisa	S-PER
qui	O
voulait	O
l’	O
abêtir	O
;	O
il	O
l’	O
évitait	O
pendant	O
des	O
deux	O
et	O
trois	O
jours	O
,	O
comme	O
un	O
dissolvant	O
qui	O
aurait	O
fondu	O
ses	O
volontés	O
,	O
s’	O
il	O
l’	O
avait	O
approchée	O
.	O
Ces	O
crises	O
de	O
terreurs	O
puériles	O
,	O
ces	O
emportements	O
d’	O
homme	O
révolté	O
,	O
aboutissaient	O
toujours	O
à	O
de	O
grandes	O
douceurs	O
,	O
à	O
des	O
besoins	O
d’	O
aimer	O
,	O
qu’	O
il	O
cachait	O
avec	O
une	O
honte	O
d’	O
enfant	O
.	O
Le	O
soir	O
surtout	O
,	O
le	O
cerveau	O
de	O
Florent	S-PER
s’	O
embarrassait	O
de	O
fumées	O
mauvaises	O
.	O
Malheureux	O
de	O
sa	O
journée	O
,	O
les	O
nerfs	O
tendus	O
,	O
refusant	O
le	O
sommeil	O
par	O
une	O
peur	O
sourde	O
de	O
ce	O
néant	O
,	O
il	O
s’	O
attardait	O
davantage	O
chez	O
monsieur	B-PER
Lebigre	E-PER
ou	O
chez	O
les	B-PER
Méhudin	E-PER
;	O
et	O
,	O
quand	O
il	O
rentrait	O
,	O
il	O
ne	O
se	O
couchait	O
encore	O
pas	O
,	O
il	O
écrivait	O
,	O
il	O
préparait	O
la	O
fameuse	O
insurrection	O
.	O
Lentement	O
,	O
il	O
trouva	O
tout	O
un	O
plan	O
d’	O
organisation	O
.	O
Il	O
partagea	O
Paris	S-LOC
en	O
vingt	O
sections	O
,	O
une	O
par	O
arrondissement	O
,	O
ayant	O
chacune	O
un	O
chef	O
,	O
une	O
sorte	O
de	O
général	O
,	O
qui	O
avait	O
sous	O
ses	O
ordres	O
vingt	O
lieutenants	O
commandant	O
à	O
vingt	O
compagnies	O
d’	O
affiliés	O
.	O
Toutes	O
les	O
semaines	O
,	O
il	O
y	O
aurait	O
un	O
conseil	O
tenu	O
par	O
les	O
chefs	O
,	O
chaque	O
fois	O
dans	O
un	O
local	O
différent	O
;	O
pour	O
plus	O
de	O
discrétion	O
,	O
d’	O
ailleurs	O
,	O
les	O
affiliés	O
ne	O
connaîtraient	O
que	O
le	O
lieutenant	O
,	O
qui	O
lui-même	O
s’	O
aboucherait	O
uniquement	O
avec	O
le	O
chef	O
de	O
sa	O
section	O
;	O
il	O
serait	O
utile	O
aussi	O
que	O
ces	O
compagnies	O
se	O
crussent	O
toutes	O
chargées	O
de	O
missions	O
imaginaires	O
,	O
ce	O
qui	O
achèverait	O
de	O
dépister	O
la	O
police	O
.	O
Quant	O
à	O
la	O
mise	O
en	O
œuvre	O
de	O
ces	O
forces	O
,	O
elle	O
était	O
des	O
plus	O
simples	O
.	O
On	O
attendrait	O
la	O
formation	O
complète	O
des	O
cadres	O
;	O
puis	O
on	O
profiterait	O
de	O
la	O
première	O
émotion	O
politique	O
.	O
Comme	O
on	O
n’	O
aurait	O
sans	O
doute	O
que	O
quelques	O
fusils	O
de	O
chasse	O
,	O
on	O
s’	O
emparerait	O
d’	O
abord	O
des	O
postes	O
,	O
on	O
désarmerait	O
les	O
pompiers	O
,	O
les	O
gardes	O
de	O
Paris	S-LOC
,	O
les	O
soldats	O
de	O
la	O
ligne	O
,	O
sans	O
livrer	O
bataille	O
autant	O
que	O
possible	O
,	O
en	O
les	O
invitant	O
à	O
faire	O
cause	O
commune	O
avec	O
le	O
peuple	O
.	O
Ensuite	O
,	O
on	O
marcherait	O
droit	O
au	O
Corps	B-MISC
législatif	E-MISC
,	O
pour	O
aller	O
de	O
là	O
à	O
l’	B-LOC
Hôtel	I-LOC
de	I-LOC
Ville	E-LOC
.	O
Ce	O
plan	O
,	O
auquel	O
Florent	S-PER
revenait	O
chaque	O
soir	O
,	O
comme	O
à	O
un	O
scénario	O
de	O
drame	O
qui	O
soulageait	O
sa	O
surexcitation	O
nerveuse	O
,	O
n’	O
était	O
encore	O
qu’	O
écrit	O
sur	O
des	O
bouts	O
de	O
papier	O
,	O
raturés	O
,	O
montrant	O
les	O
tâtonnements	O
de	O
l’	O
auteur	O
,	O
permettant	O
de	O
suivre	O
les	O
phases	O
de	O
cette	O
conception	O
à	O
la	O
fois	O
enfantine	O
et	O
scientifique	O
.	O
Lorsque	O
Lisa	S-PER
eut	O
parcouru	O
les	O
notes	O
,	O
sans	O
toutes	O
les	O
comprendre	O
,	O
elle	O
resta	O
tremblante	O
,	O
n’	O
osant	O
plus	O
toucher	O
à	O
ces	O
papiers	O
,	O
avec	O
la	O
peur	O
de	O
les	O
voir	O
éclater	O
entre	O
ses	O
mains	O
comme	O
des	O
armes	O
chargées	O
.	O
Une	O
dernière	O
note	O
l’	O
épouvanta	O
plus	O
encore	O
que	O
les	O
autres	O
.	O
C’	O
était	O
une	O
demi-feuille	O
,	O
sur	O
laquelle	O
Florent	S-PER
avait	O
dessiné	O
la	O
forme	O
des	O
insignes	O
qui	O
distingueraient	O
les	O
chefs	O
et	O
les	O
lieutenants	O
;	O
à	O
côté	O
,	O
se	O
trouvaient	O
également	O
les	O
guidons	O
des	O
compagnies	O
.	O
Même	O
des	O
légendes	O
au	O
crayon	O
disaient	O
la	O
couleur	O
des	O
guidons	O
pour	O
les	O
vingt	O
arrondissements	O
.	O
Les	O
insignes	O
des	O
chefs	O
étaient	O
des	O
écharpes	O
rouges	O
;	O
ceux	O
des	O
lieutenants	O
,	O
des	O
brassards	O
,	O
également	O
rouges	O
.	O
Ce	O
fut	O
,	O
pour	O
Lisa	S-PER
,	O
la	O
réalisation	O
immédiate	O
de	O
l’	O
émeute	O
;	O
elle	O
vit	O
ces	O
hommes	O
,	O
avec	O
toutes	O
ces	O
étoffes	O
rouges	O
,	O
passer	O
devant	O
sa	O
charcuterie	O
,	O
envoyer	O
des	O
balles	O
dans	O
les	O
glaces	O
et	O
dans	O
les	O
marbres	O
,	O
voler	O
les	O
saucisses	O
et	O
les	O
andouilles	O
de	O
l’	O
étalage	O
.	O
Les	O
infâmes	O
projets	O
de	O
son	O
beau-frère	O
étaient	O
un	O
attentat	O
contre	O
elle-même	O
,	O
contre	O
son	O
bonheur	O
.	O
Elle	O
referma	O
le	O
tiroir	O
,	O
regardant	O
la	O
chambre	O
,	O
se	O
disant	O
que	O
c’	O
était	O
elle	O
pourtant	O
qui	O
logeait	O
cet	O
homme	O
,	O
qu’	O
il	O
couchait	O
dans	O
ses	O
draps	O
,	O
qu’	O
il	O
usait	O
ses	O
meubles	O
.	O
Et	O
elle	O
était	O
particulièrement	O
exaspérée	O
par	O
la	O
pensée	O
qu’	O
il	O
cachait	O
l’	O
abominable	O
machine	O
infernale	O
dans	O
cette	O
petite	O
table	O
de	O
bois	O
blanc	O
,	O
qui	O
lui	O
avait	O
servi	O
autrefois	O
chez	O
l’	B-PER
oncle	I-PER
Gradelle	E-PER
,	O
avant	O
son	O
mariage	O
,	O
une	O
table	O
innocente	O
,	O
toute	O
déclouée	O
.	O
Elle	O
resta	O
debout	O
,	O
songeant	O
à	O
ce	O
qu’	O
elle	O
allait	O
faire	O
.	O
D’	O
abord	O
,	O
il	O
était	O
inutile	O
d’	O
instruire	O
Quenu	S-PER
.	O
Elle	O
eut	O
l’	O
idée	O
d’	O
avoir	O
une	O
explication	O
avec	O
Florent	S-PER
,	O
mais	O
elle	O
craignit	O
qu’	O
il	O
ne	O
s’	O
en	O
allât	O
commettre	O
son	O
crime	O
plus	O
loin	O
,	O
tout	O
en	O
les	O
compromettant	O
,	O
par	O
méchanceté	O
.	O
Elle	O
se	O
calmait	O
un	O
peu	O
,	O
elle	O
préféra	O
le	O
surveiller	O
.	O
Au	O
premier	O
danger	O
,	O
elle	O
verrait	O
.	O
En	O
somme	O
,	O
elle	O
avait	O
à	O
présent	O
de	O
quoi	O
le	O
faire	O
retourner	O
aux	O
galères	O
.	O
Comme	O
elle	O
rentrait	O
à	O
la	O
boutique	O
,	O
elle	O
vit	O
Augustine	S-PER
tout	O
émotionnée	O
.	O
La	O
petite	O
Pauline	S-PER
avait	O
disparu	O
depuis	O
une	O
grande	O
demi-heure	O
.	O
Aux	O
questions	O
inquiètes	O
de	O
Lisa	S-PER
,	O
elle	O
ne	O
put	O
que	O
répondre	O
:	O
–	O
Je	O
ne	O
sais	O
pas	O
,	O
madame	O
…	O
Elle	O
était	O
là	O
tout	O
à	O
l’	O
heure	O
,	O
sur	O
le	O
trottoir	O
,	O
avec	O
un	O
petit	O
garçon	O
…	O
Je	O
les	O
regardais	O
;	O
puis	O
,	O
j’	O
ai	O
entamé	O
un	O
jambon	O
pour	O
un	O
monsieur	O
,	O
et	O
je	O
ne	O
les	O
ai	O
plus	O
vus	O
.	O
–	O
Je	O
parie	O
que	O
c’	O
est	O
Muche	S-PER
,	O
s’	O
écria	O
la	O
charcutière	O
;	O
ah	O
!	O
le	O
gredin	O
d’	O
enfant	O
!	O
C’	O
était	O
Muche	S-PER
,	O
en	O
effet	O
.	O
Pauline	S-PER
,	O
qui	O
étrennait	O
justement	O
ce	O
jour	O
-là	O
une	O
robe	O
neuve	O
,	O
à	O
raies	O
bleues	O
,	O
avait	O
voulu	O
la	O
montrer	O
.	O
Elle	O
se	O
tenait	O
toute	O
droite	O
,	O
devant	O
la	O
boutique	O
,	O
bien	O
sage	O
,	O
les	O
lèvres	O
pincées	O
par	O
cette	O
moue	O
grave	O
d’	O
une	O
petite	O
femme	O
de	O
six	O
ans	O
qui	O
craint	O
de	O
se	O
salir	O
.	O
Ses	O
jupes	O
,	O
très	O
courtes	O
,	O
très	O
empesées	O
,	O
bouffaient	O
comme	O
des	O
jupes	O
de	O
danseuse	O
,	O
montrant	O
ses	O
bas	O
blancs	O
bien	O
tirés	O
,	O
ses	O
bottines	O
vernies	O
,	O
d’	O
un	O
bleu	O
d’	O
azur	O
;	O
tandis	O
que	O
son	O
grand	O
tablier	O
,	O
qui	O
la	O
décolletait	O
,	O
avait	O
,	O
aux	O
épaules	O
,	O
un	O
étroit	O
volant	O
brodé	O
,	O
d’	O
où	O
ses	O
bras	O
,	O
adorables	O
d’	O
enfance	O
,	O
sortaient	O
nus	O
et	O
roses	O
.	O
Elle	O
portait	O
des	O
boutons	O
de	O
turquoise	O
aux	O
oreilles	O
,	O
une	O
jeannette	O
au	O
cou	O
,	O
un	O
ruban	O
de	O
velours	O
bleu	O
dans	O
les	O
cheveux	O
,	O
très	O
bien	O
peignée	O
,	O
avec	O
l’	O
air	O
gras	O
et	O
tendre	O
de	O
sa	O
mère	O
,	O
la	O
grâce	O
parisienne	O
d’	O
une	O
poupée	O
neuve	O
.	O
Muche	S-PER
,	O
des	B-LOC
Halles	E-LOC
,	O
l’	O
avait	O
aperçue	O
.	O
Il	O
mettait	O
dans	O
le	O
ruisseau	O
des	O
petits	O
poissons	O
morts	O
que	O
l’	O
eau	O
emportait	O
,	O
et	O
qu’	O
il	O
suivait	O
le	O
long	O
du	O
trottoir	O
,	O
en	O
disant	O
qu’	O
ils	O
nageaient	O
.	O
Mais	O
la	O
vue	O
de	O
Pauline	S-PER
,	O
si	O
belle	O
,	O
si	O
propre	O
,	O
lui	O
fit	O
traverser	O
la	O
chaussée	O
,	O
sans	O
casquette	O
,	O
la	O
blouse	O
déchirée	O
,	O
le	O
pantalon	O
tombant	O
et	O
montrant	O
la	O
chemise	O
,	O
dans	O
le	O
débraillé	O
d’	O
un	O
galopin	O
de	O
sept	O
ans	O
.	O
Sa	O
mère	O
lui	O
avait	O
bien	O
défendu	O
de	O
jouer	O
jamais	O
avec	O
«	O
cette	O
grosse	O
bête	O
d’	O
enfant	O
que	O
ses	O
parents	O
bourraient	O
à	O
la	O
faire	O
crever	O
».	O
Il	O
rôda	O
un	O
instant	O
,	O
s’	O
approcha	O
,	O
voulut	O
toucher	O
la	O
jolie	O
robe	O
à	O
raies	O
bleues	O
.	O
Pauline	S-PER
,	O
d’	O
abord	O
flattée	O
,	O
eut	O
une	O
moue	O
de	O
prude	O
,	O
recula	O
,	O
en	O
murmurant	O
d’	O
un	O
ton	O
fâché	O
:	O
–	O
Laisse	O
-moi	O
…	O
Maman	O
ne	O
veut	O
pas	O
.	O
Cela	O
fit	O
rire	O
le	O
petit	O
Muche	S-PER
,	O
qui	O
était	O
très	O
dégourdi	O
et	O
très	O
entreprenant	O
.	O
–	O
Ah	O
bien	O
!	O
dit	O
-il	O
,	O
tu	O
es	O
joliment	O
godiche	O
!	O
…	O
Ça	O
ne	O
fait	O
rien	O
que	O
ta	O
maman	O
ne	O
veuille	O
pas	O
…	O
Nous	O
allons	O
jouer	O
à	O
nous	O
pousser	O
,	O
veux	O
-tu 	O
?	O
Il	O
devait	O
nourrir	O
l’	O
idée	O
mauvaise	O
de	O
salir	O
Pauline	S-PER
.	O
Celle-ci	O
,	O
en	O
le	O
voyant	O
s’	O
apprêter	O
à	O
lui	O
donner	O
une	O
poussée	O
dans	O
le	O
dos	O
,	O
recula	O
davantage	O
,	O
fit	O
mine	O
de	O
rentrer	O
.	O
Alors	O
,	O
il	O
fut	O
très	O
doux	O
;	O
il	O
remonta	O
ses	O
culottes	O
,	O
en	O
homme	O
du	O
monde	O
.	O
–	O
Es	O
-tu	O
bête	O
!	O
C’	O
est	O
pour	O
rire	O
…	O
Tu	O
es	O
bien	O
gentille	O
comme	O
ça	O
.	O
Est	O
-ce 	O
que	O
c’	O
est	O
à	O
ta	O
maman	O
,	O
ta	O
petite	O
croix	O
?	O
Elle	O
se	O
rengorgea	O
,	O
dit	O
que	O
c’	O
était	O
à	O
elle	O
.	O
Lui	O
,	O
doucement	O
,	O
l’	O
amenait	O
jusqu’	O
au	O
coin	O
de	O
la	B-LOC
rue	I-LOC
Pirouette	E-LOC
;	O
il	O
lui	O
touchait	O
les	O
jupes	O
,	O
en	O
s’	O
étonnant	O
,	O
en	O
trouvant	O
ça	O
drôlement	O
raide	O
;	O
ce	O
qui	O
causait	O
un	O
plaisir	O
infini	O
à	O
la	O
petite	O
.	O
Depuis	O
qu’	O
elle	O
faisait	O
la	O
belle	O
sur	O
le	O
trottoir	O
,	O
elle	O
était	O
très	O
vexée	O
de	O
voir	O
que	O
personne	O
ne	O
la	O
regardait	O
.	O
Mais	O
,	O
malgré	O
les	O
compliments	O
de	O
Muche	S-PER
,	O
elle	O
ne	O
voulut	O
pas	O
descendre	O
du	O
trottoir	O
.	O
–	O
Quelle	O
grue	O
!	O
s’	O
écria	O
-t	O
-il,	O
en	O
redevenant	O
grossier	O
.	O
Je	O
vas	O
t’	O
asseoir	O
sur	O
ton	O
panier	O
aux	O
crottes	O
,	O
tu	O
sais	O
madame	B-PER
Belles-Fesses	E-PER
!	O
Elle	O
s’	O
effaroucha	O
.	O
Il	O
l’	O
avait	O
prise	O
par	O
la	O
main	O
;	O
et	O
comprenant	O
sa	O
faute	O
,	O
se	O
montrant	O
de	O
nouveau	O
câlin	O
,	O
fouillant	O
vivement	O
dans	O
sa	O
poche	O
:	O
–	O
J’	O
ai	O
un	O
sou	O
,	O
dit	O
-il	O
.	O
La	O
vue	O
du	O
sou	O
calma	O
Pauline	S-PER
.	O
Il	O
tenait	O
le	O
sou	O
du	O
bout	O
des	O
doigts	O
,	O
devant	O
elle	O
,	O
si	O
bien	O
qu’	O
elle	O
descendit	O
sur	O
la	O
chaussée	O
,	O
sans	O
y	O
prendre	O
garde	O
,	O
pour	O
suivre	O
le	O
sou	O
.	O
Décidément	O
,	O
le	O
petit	O
Muche	S-PER
était	O
en	O
bonne	O
fortune	O
.	O
–	O
Qu’	O
est	O
-ce	O
que	O
tu	O
aimes	O
?	O
demanda-t	O
-il.	O
Elle	O
ne	O
répondit	O
pas	O
tout	O
de	O
suite	O
;	O
elle	O
ne	O
savait	O
pas	O
,	O
elle	O
aimait	O
trop	O
de	O
choses	O
.	O
Lui	O
,	O
nomma	O
une	O
foule	O
de	O
friandises	O
:	O
de	O
la	O
réglisse	O
,	O
de	O
la	O
mélasse	O
,	O
des	O
boules	O
de	O
gomme	O
,	O
du	O
sucre	O
en	O
poudre	O
.	O
Le	O
sucre	O
en	O
poudre	O
fit	O
beaucoup	O
réfléchir	O
la	O
petite	O
,	O
on	O
trempe	O
un	O
doigt	O
,	O
et	O
on	O
le	O
suce	O
;	O
c’	O
est	O
très	O
bon	O
.	O
Elle	O
restait	O
toute	O
sérieuse	O
.	O
Puis	O
,	O
se	O
décidant	O
:	O
–	O
Non	O
,	O
j’	O
aime	O
bien	O
les	O
cornets	O
.	O
Alors	O
,	O
il	O
lui	O
prit	O
le	O
bras	O
,	O
il	O
l’	O
emmena	O
,	O
sans	O
qu’	O
elle	O
résistât	O
.	O
Ils	O
traversèrent	O
la	B-LOC
rue	I-LOC
Rambuteau	E-LOC
,	O
suivirent	O
le	O
large	O
trottoir	O
des	B-LOC
Halles	E-LOC
,	O
allèrent	O
jusque	O
chez	O
un	O
épicier	O
de	O
la	B-LOC
rue	I-LOC
de	I-LOC
la	I-LOC
Cossonnerie	E-LOC
,	O
qui	O
avait	O
la	O
renommée	O
des	O
cornets	O
.	O
Les	O
cornets	O
sont	O
de	O
minces	O
cornets	O
de	O
papier	O
,	O
où	O
les	O
épiciers	O
mettent	O
les	O
débris	O
de	O
leur	O
étalage	O
,	O
les	O
dragées	O
cassées	O
,	O
les	O
marrons	O
glacés	O
tombés	O
en	O
morceaux	O
,	O
les	O
fonds	O
suspects	O
des	O
bocaux	O
de	O
bonbons	O
.	O
Muche	S-PER
fit	O
les	O
choses	O
galamment	O
;	O
il	O
laissa	O
choisir	O
le	O
cornet	O
par	O
Pauline	S-PER
,	O
un	O
cornet	O
de	O
papier	O
bleu	O
,	O
ne	O
le	O
lui	O
reprit	O
pas	O
,	O
donna	O
son	O
sou	O
.	O
Sur	O
le	O
trottoir	O
,	O
elle	O
vida	O
les	O
miettes	O
de	O
toutes	O
sortes	O
dans	O
les	O
deux	O
poches	O
de	O
son	O
tablier	O
;	O
et	O
ces	O
poches	O
étaient	O
si	O
étroites	O
qu’	O
elles	O
furent	O
pleines	O
.	O
Elle	O
croquait	O
doucement	O
,	O
miette	O
par	O
miette	O
,	O
ravie	O
,	O
mouillant	O
son	O
doigt	O
,	O
pour	O
avoir	O
la	O
poussière	O
trop	O
fine	O
;	O
si	O
bien	O
que	O
cela	O
fondait	O
les	O
bonbons	O
,	O
et	O
que	O
deux	O
taches	O
brunes	O
marquaient	O
déjà	O
les	O
deux	O
poches	O
du	O
tablier	O
.	O
Muche	S-PER
avait	O
un	O
rire	O
sournois	O
.	O
Il	O
la	O
tenait	O
par	O
la	O
taille	O
,	O
la	O
chiffonnant	O
à	O
son	O
aise	O
,	O
lui	O
faisant	O
tourner	O
le	O
coin	O
de	O
la	B-LOC
rue	I-LOC
Pierre-Lescot	E-LOC
,	O
du	O
côté	O
de	O
la	B-LOC
place	I-LOC
des	I-LOC
Innocents	E-LOC
,	O
en	O
lui	O
disant	O
:	O
–	O
Hein	O
?	O
Tu	O
veux	O
bien	O
jouer	O
,	O
maintenant	O
?…	O
C’	O
est	O
bon	O
,	O
ce	O
que	O
tu	O
as	O
dans	O
tes	O
poches	O
.	O
Tu	O
vois	O
que	O
je	O
ne	O
voulais	O
pas	O
te	O
faire	O
de	O
mal	O
,	O
grande	O
bête	O
.	O
Et	O
lui-même	O
,	O
il	O
fourrait	O
les	O
doigts	O
au	O
fond	O
des	O
poches	O
.	O
Ils	O
entrèrent	O
dans	O
le	O
square	O
.	O
C’	O
était	O
là	O
sans	O
doute	O
que	O
le	O
petit	O
Muche	S-PER
rêvait	O
de	O
conduire	O
sa	O
conquête	O
.	O
Il	O
lui	O
fit	O
les	O
honneurs	O
du	O
square	O
,	O
comme	O
d’	O
un	O
domaine	O
à	O
lui	O
,	O
très	O
agréable	O
,	O
où	O
il	O
galopinait	O
pendant	O
des	O
après-midi	O
entières	O
.	O
Jamais	O
Pauline	S-PER
n’	O
était	O
allée	O
si	O
loin	O
;	O
elle	O
aurait	O
sangloté	O
comme	O
une	O
demoiselle	O
enlevée	O
,	O
si	O
elle	O
n’	O
avait	O
pas	O
eu	O
du	O
sucre	O
dans	O
les	O
poches	O
.	O
La	O
fontaine	O
,	O
au	O
milieu	O
de	O
la	O
pelouse	O
coupée	O
de	O
corbeilles	O
,	O
coulait	O
,	O
avec	O
la	O
déchirure	O
de	O
ses	O
nappes	O
;	O
et	O
les	O
nymphes	O
de	O
Jean	B-PER
Goujon	E-PER
,	O
toutes	O
blanches	O
dans	O
le	O
gris	O
de	O
la	O
pierre	O
,	O
penchant	O
leurs	O
urnes	O
,	O
mettaient	O
leur	O
grâce	O
nue	O
au	O
milieu	O
de	O
l’	O
air	O
noir	O
du	O
quartier	B-LOC
Saint-Denis	E-LOC
.	O
Les	O
enfants	O
firent	O
le	O
tour	O
,	O
regardant	O
l’	O
eau	O
tomber	O
des	O
six	O
bassins	O
,	O
intéressés	O
par	O
l’	O
herbe	O
,	O
rêvant	O
certainement	O
de	O
traverser	O
la	O
pelouse	O
centrale	O
,	O
ou	O
de	O
se	O
glisser	O
sous	O
les	O
massifs	O
de	O
houx	O
et	O
de	O
rhododendrons	O
,	O
dans	O
la	O
plate-bande	O
longeant	O
la	O
grille	O
du	O
square	O
.	O
Cependant	O
le	O
petit	O
Muche	S-PER
,	O
qui	O
était	O
parvenu	O
à	O
froisser	O
la	O
belle	O
robe	O
,	O
par-derrière	O
,	O
dit	O
,	O
avec	O
son	O
rire	O
en	O
dessous	O
:	O
–	O
Nous	O
allons	O
jouer	O
à	O
nous	O
jeter	O
du	O
sable	O
,	O
veux	O
-tu	O
?	O
Pauline	S-PER
était	O
séduite	O
.	O
Ils	O
se	O
jetèrent	O
du	O
sable	O
,	O
en	O
fermant	O
les	O
yeux	O
.	O
Le	O
sable	O
entrait	O
par	O
le	O
corsage	O
décolleté	O
de	O
la	O
petite	O
,	O
coulait	O
tout	O
le	O
long	O
,	O
jusque	O
dans	O
ses	O
bas	O
et	O
ses	O
bottines	O
.	O
Muche	S-PER
s’	O
amusait	O
beaucoup	O
,	O
à	O
voir	O
le	O
tablier	O
blanc	O
devenir	O
tout	O
jaune	O
.	O
Mais	O
il	O
trouva	O
sans	O
doute	O
que	O
c’	O
était	O
encore	O
trop	O
propre	O
.	O
–	O
Hein	O
?	O
si	O
nous	O
plantions	O
des	O
arbres	O
,	O
demanda	O
-t	O
-il 	O
tout	O
à	O
coup	O
.	O
C’	O
est	O
moi	O
qui	O
sais	O
faire	O
de	O
jolis	O
jardins	O
!	O
–	O
Vrai	O
,	O
des	O
jardins	O
!	O
murmura	O
Pauline	S-PER
pleine	O
d’	O
admiration	O
.	O
Alors	O
,	O
comme	O
le	O
gardien	O
du	O
square	O
n’	O
était	O
pas	O
là	O
,	O
il	O
lui	O
fit	O
creuser	O
des	O
trous	O
dans	O
une	O
plate-bande	O
.	O
Elle	O
était	O
à	O
genoux	O
,	O
au	O
beau	O
milieu	O
de	O
la	O
terre	O
molle	O
,	O
s’	O
allongeant	O
sur	O
le	O
ventre	O
,	O
enfonçant	O
jusqu’	O
aux	O
coudes	O
ses	O
adorables	O
bras	O
nus	O
.	O
Lui	O
,	O
cherchait	O
des	O
bouts	O
de	O
bois	O
,	O
cassait	O
des	O
branches	O
.	O
C’	O
était	O
les	O
arbres	O
du	O
jardin	O
,	O
qu’	O
il	O
plantait	O
dans	O
les	O
trous	O
de	O
Pauline	S-PER
.	O
Seulement	O
,	O
il	O
ne	O
trouvait	O
jamais	O
les	O
trous	O
assez	O
profonds	O
,	O
il	O
la	O
traitait	O
en	O
mauvais	O
ouvrier	O
,	O
avec	O
des	O
rudesses	O
de	O
patron	O
.	O
Quand	O
elle	O
se	O
releva	O
,	O
elle	O
était	O
noire	O
des	O
pieds	O
à	O
la	O
tête	O
;	O
elle	O
avait	O
de	O
la	O
terre	O
dans	O
les	O
cheveux	O
,	O
toute	O
barbouillée	O
,	O
si	O
drôle	O
avec	O
ses	O
bras	O
de	O
charbonnier	O
,	O
que	O
Muche	S-PER
tapa	O
dans	O
ses	O
mains	O
,	O
en	O
s’	O
écriant	O
:	O
–	O
Maintenant	O
,	O
nous	O
allons	O
les	O
arroser	O
…	O
Tu	O
comprends	O
,	O
ça	O
ne	O
pousserait	O
pas	O
.	O
Ce	O
fut	O
le	O
comble	O
.	O
Ils	O
sortaient	O
du	O
square	O
,	O
ramassaient	O
de	O
l’	O
eau	O
au	O
ruisseau	O
,	O
dans	O
le	O
creux	O
de	O
leurs	O
mains	O
,	O
revenaient	O
en	O
courant	O
arroser	O
les	O
bouts	O
de	O
bois	O
.	O
En	O
route	O
,	O
Pauline	S-PER
,	O
qui	O
était	O
trop	O
grosse	O
et	O
qui	O
ne	O
savait	O
pas	O
courir	O
,	O
laissait	O
échapper	O
toute	O
l’	O
eau	O
entre	O
ses	O
doigts	O
,	O
le	O
long	O
de	O
ses	O
jupes	O
;	O
si	O
bien	O
qu’	O
au	O
sixième	O
voyage	O
,	O
elle	O
semblait	O
s’	O
être	O
roulée	O
dans	O
le	O
ruisseau	O
.	O
Muche	S-PER
la	O
trouva	O
très	O
bien	O
,	O
quand	O
elle	O
fut	O
très	O
sale	O
.	O
Il	O
la	O
fit	O
asseoir	O
avec	O
lui	O
sous	O
un	O
rhododendron	O
,	O
à	O
côté	O
du	O
jardin	O
qu’	O
ils	O
avaient	O
planté	O
.	O
Il	O
lui	O
racontait	O
que	O
ça	O
poussait	O
déjà	O
.	O
Il	O
lui	O
avait	O
pris	O
la	O
main	O
,	O
en	O
l’	O
appelant	O
sa	O
petite	O
femme	O
.	O
–	O
Tu	O
ne	O
regrettes	O
pas	O
d’	O
être	O
venue	O
,	O
n’	O
est	O
-ce	O
pas	O
?	O
Au	O
lieu	O
de	O
rester	O
sur	O
le	O
trottoir	O
,	O
où	O
tu	O
as	O
l’	O
air	O
de	O
t’	O
ennuyer	O
fameusement	O
…	O
Tu	O
verras	O
,	O
je	O
sais	O
tout	O
plein	O
de	O
jeux	O
,	O
dans	O
les	O
rues	O
.	O
Il	O
faudra	O
revenir	O
,	O
entends	O
-tu.	O
Seulement	O
,	O
on	O
ne	O
parle	O
pas	O
de	O
ça	O
à	O
sa	O
maman	O
.	O
On	O
ne	O
fait	O
pas	O
la	O
bête	O
…	O
Si	O
tu	O
dis	O
quelque	O
chose	O
,	O
tu	O
sais	O
,	O
je	O
te	O
tirerai	O
les	O
cheveux	O
,	O
quand	O
je	O
passerai	O
devant	O
chez	O
toi	O
.	O
Pauline	S-PER
répondait	O
toujours	O
oui	O
.	O
Lui	O
,	O
par	O
dernière	O
galanterie	O
,	O
lui	O
remplissait	O
de	O
terre	O
les	O
deux	O
poches	O
de	O
son	O
tablier	O
.	O
Il	O
la	O
serrait	O
de	O
près	O
,	O
cherchant	O
maintenant	O
à	O
lui	O
faire	O
du	O
mal	O
,	O
par	O
une	O
cruauté	O
de	O
gamin	O
.	O
Mais	O
elle	O
n’	O
avait	O
plus	O
de	O
sucre	O
,	O
elle	O
ne	O
jouait	O
plus	O
,	O
et	O
elle	O
devenait	O
inquiète	O
.	O
Comme	O
il	O
s’	O
était	O
mis	O
à	O
la	O
pincer	O
,	O
elle	O
pleura	O
en	O
disant	O
qu’	O
elle	O
voulait	O
s’	O
en	O
aller	O
.	O
Cela	O
égaya	O
beaucoup	O
Muche	S-PER
,	O
qui	O
se	O
montra	O
cavalier	O
;	O
il	O
la	O
menaça	O
de	O
ne	O
pas	O
la	O
reconduire	O
chez	O
ses	O
parents	O
.	O
La	O
petite	O
,	O
tout	O
à	O
fait	O
terrifiée	O
,	O
poussait	O
des	O
soupirs	O
étouffés	O
,	O
comme	O
une	O
belle	O
à	O
la	O
merci	O
d’	O
un	O
séducteur	O
,	O
au	O
fond	O
d’	O
une	O
auberge	O
inconnue	O
.	O
Il	O
aurait	O
certainement	O
fini	O
par	O
la	O
battre	O
,	O
pour	O
la	O
faire	O
taire	O
,	O
lorsqu’	O
une	O
voix	O
aigre	O
,	O
la	O
voix	O
de	O
mademoiselle	B-PER
Saget	E-PER
,	O
s’	O
écria	O
à	O
côté	O
d’	O
eux	O
:	O
–	O
Mais	O
,	O
Dieu	O
me	O
pardonne	O
!	O
c’	O
est	O
Pauline	S-PER
…	O
Veux	O
-tu	O
bien	O
la	O
laisser	O
tranquille	O
,	O
méchant	O
vaurien	O
!	O
La	O
vieille	O
fille	O
prit	O
Pauline	S-PER
par	O
la	O
main	O
,	O
en	O
poussant	O
des	O
exclamations	O
sur	O
l’	O
état	O
pitoyable	O
de	O
sa	O
toilette	O
.	O
Muche	S-PER
ne	O
s’	O
effraya	O
guère	O
;	O
il	O
les	O
suivit	O
,	O
riant	O
sournoisement	O
de	O
son	O
œuvre	O
,	O
répétant	O
que	O
c’	O
était	O
elle	O
qui	O
avait	O
voulu	O
venir	O
,	O
et	O
qu’	O
elle	O
s’	O
était	O
laissée	O
tomber	O
par	O
terre	O
.	O
Mademoiselle	B-PER
Saget	E-PER
était	O
une	O
habituée	O
du	B-LOC
square	I-LOC
des	I-LOC
Innocents	E-LOC
.	O
Chaque	O
après-midi	O
,	O
elle	O
y	O
passait	O
une	O
bonne	O
heure	O
,	O
pour	O
se	O
tenir	O
au	O
courant	O
des	O
bavardages	O
du	O
menu	O
peuple	O
.	O
Là	O
,	O
aux	O
deux	O
côtés	O
,	O
il	O
y	O
a	O
une	O
longue	O
file	O
demi-circulaire	O
de	O
bancs	O
mis	O
bout	O
à	O
bout	O
.	O
Les	O
pauvres	O
gens	O
qui	O
étouffent	O
dans	O
les	O
taudis	O
des	O
étroites	O
rues	O
voisines	O
s’	O
y	O
entassent	O
:	O
les	O
vieilles	O
,	O
desséchées	O
,	O
l’	O
air	O
frileux	O
,	O
en	O
bonnet	O
fripé	O
;	O
les	O
jeunes	O
en	O
camisole	O
,	O
les	O
jupes	O
mal	O
attachées	O
,	O
les	O
cheveux	O
nus	O
,	O
éreintées	O
,	O
fanées	O
déjà	O
de	O
misère	O
;	O
quelques	O
hommes	O
aussi	O
,	O
des	O
vieillards	O
proprets	O
,	O
des	O
porteurs	O
aux	O
vestes	O
grasses	O
,	O
des	O
messieurs	O
suspects	O
à	O
chapeau	O
noir	O
;	O
tandis	O
que	O
,	O
dans	O
l’	O
allée	O
,	O
la	O
marmaille	O
se	O
roule	O
,	O
traîne	O
des	O
voitures	O
sans	O
roues	O
,	O
emplit	O
des	O
seaux	O
de	O
sable	O
,	O
pleure	O
et	O
se	O
mord	O
,	O
une	O
marmaille	O
terrible	O
,	O
déguenillée	O
,	O
mal	O
mouchée	O
,	O
qui	O
pullule	O
au	O
soleil	O
comme	O
une	O
vermine	O
.	O
Mademoiselle	B-PER
Saget	E-PER
était	O
si	O
mince	O
qu’	O
elle	O
trouvait	O
toujours	O
à	O
se	O
glisser	O
sur	O
un	O
banc	O
.	O
Elle	O
écoutait	O
,	O
elle	O
entamait	O
la	O
conversation	O
avec	O
une	O
voisine	O
,	O
quelque	O
femme	O
d’	O
ouvrier	O
toute	O
jaune	O
,	O
raccommodant	O
du	O
linge	O
,	O
tirant	O
d’	O
un	O
petit	O
panier	O
,	O
réparé	O
avec	O
des	O
ficelles	O
,	O
des	O
mouchoirs	O
et	O
des	O
bas	O
troués	O
comme	O
des	O
cribles	O
.	O
D’	O
ailleurs	O
,	O
elle	O
avait	O
des	O
connaissances	O
.	O
Au	O
milieu	O
des	O
piaillements	O
intolérables	O
de	O
la	O
marmaille	O
et	O
du	O
roulement	O
continu	O
des	O
voitures	O
,	O
derrière	O
,	O
dans	O
la	B-LOC
rue	I-LOC
Saint-Denis	E-LOC
,	O
c’	O
étaient	O
des	O
cancans	O
sans	O
fin	O
,	O
des	O
histoires	O
sur	O
les	O
fournisseurs	O
,	O
les	O
épiciers	O
,	O
les	O
boulangers	O
,	O
les	O
bouchers	O
,	O
toute	O
une	O
gazette	O
du	O
quartier	O
,	O
enfiellée	O
par	O
les	O
refus	O
de	O
crédit	O
et	O
l’	O
envie	O
sourde	O
du	O
pauvre	O
.	O
Elle	O
apprenait	O
,	O
surtout	O
,	O
parmi	O
ces	O
malheureuses	O
,	O
les	O
choses	O
inavouables	O
,	O
ce	O
qui	O
descendait	O
des	O
garnis	O
louches	O
,	O
ce	O
qui	O
sortait	O
des	O
loges	O
noires	O
des	O
concierges	O
,	O
les	O
saletés	O
de	O
la	O
médisance	O
,	O
dont	O
elle	O
relevait	O
,	O
comme	O
d’	O
une	O
pointe	O
de	O
piment	O
,	O
ses	O
appétits	O
de	O
curiosité	O
.	O
Puis	O
,	O
devant	O
elle	O
,	O
la	O
face	O
tournée	O
du	O
côté	O
des	B-LOC
Halles	E-LOC
,	O
elle	O
avait	O
la	O
place	O
,	O
les	O
trois	O
pans	O
de	O
maisons	O
percées	O
de	O
leurs	O
fenêtres	O
,	O
dans	O
lesquelles	O
elle	O
cherchait	O
à	O
entrer	O
du	O
regard	O
;	O
elle	O
semblait	O
se	O
hausser	O
,	O
aller	O
le	O
long	O
des	O
étages	O
,	O
ainsi	O
qu’	O
à	O
des	O
trous	O
de	O
verre	O
,	O
jusqu’	O
aux	O
œils-de-bœuf	O
des	O
mansardes	O
;	O
elle	O
dévisageait	O
les	O
rideaux	O
,	O
reconstruisait	O
un	O
drame	O
sur	O
la	O
simple	O
apparition	O
d’	O
une	O
tête	O
entre	O
deux	O
persiennes	O
,	O
avait	O
fini	O
par	O
savoir	O
l’	O
histoire	O
des	O
locataires	O
de	O
toutes	O
ces	O
maisons	O
,	O
rien	O
qu’	O
à	O
en	O
regarder	O
les	O
façades	O
.	O
Le	B-LOC
restaurant	I-LOC
Baratte	E-LOC
l’	O
intéressait	O
d’	O
une	O
façon	O
particulière	O
,	O
avec	O
sa	O
boutique	O
de	O
marchand	O
de	O
vin	O
,	O
sa	O
marquise	O
découpée	O
et	O
dorée	O
,	O
formant	O
terrasse	O
,	O
laissant	O
déborder	O
la	O
verdure	O
de	O
quelques	O
pots	O
de	O
fleurs	O
,	O
ses	O
quatre	O
étages	O
étroits	O
,	O
ornés	O
et	O
peinturlurés	O
;	O
elle	O
se	O
plaisait	O
au	O
fond	O
bleu	O
tendre	O
,	O
aux	O
colonnes	O
jaunes	O
,	O
à	O
la	O
stèle	O
surmontée	O
d’	O
une	O
coquille	O
,	O
à	O
cette	O
devanture	O
de	O
temple	O
de	O
carton	O
,	O
badigeonnée	O
sur	O
la	O
face	O
d’	O
une	O
maison	O
décrépite	O
,	O
terminée	O
en	O
haut	O
,	O
au	O
bord	O
du	O
toit	O
,	O
par	O
une	O
galerie	O
de	O
zinc	O
passée	O
à	O
la	O
couleur	O
.	O
Derrière	O
les	O
persiennes	O
flexibles	O
,	O
à	O
bandes	O
rouges	O
,	O
elle	O
lisait	O
les	O
bons	O
petits	O
déjeuners	O
,	O
les	O
soupers	O
fins	O
,	O
les	O
noces	O
à	O
tout	O
casser	O
.	O
Et	O
elle	O
mentait	O
même	O
;	O
c’	O
était	O
là	O
que	O
Florent	S-PER
et	O
Gavard	S-PER
venaient	O
faire	O
des	O
bombances	O
avec	O
ces	O
deux	O
salopes	O
de	O
Méhudin	S-PER
;	O
au	O
dessert	O
,	O
il	O
se	O
passait	O
des	O
choses	O
abominables	O
.	O
Cependant	O
,	O
Pauline	S-PER
pleurait	O
plus	O
fort	O
,	O
depuis	O
que	O
la	O
vieille	O
fille	O
la	O
tenait	O
par	O
la	O
main	O
.	O
Celle-ci	O
se	O
dirigeait	O
vers	O
la	O
porte	O
du	O
square	O
,	O
lorsqu’	O
elle	O
parut	O
se	O
raviser	O
.	O
Elle	O
s’	O
assit	O
sur	O
le	O
bout	O
d’	O
un	O
banc	O
,	O
cherchant	O
à	O
faire	O
taire	O
la	O
petite	O
.	O
–	O
Voyons	O
,	O
ne	O
pleure	O
plus	O
,	O
les	O
sergents	O
de	O
ville	O
te	O
prendraient	O
…	O
Je	O
vais	O
te	O
reconduire	O
chez	O
toi	O
.	O
Tu	O
me	O
connais	O
bien	O
,	O
n’	O
est	O
-ce	O
pas	O
?	O
Je	O
suis	O
«	O
bonne	O
amie	O
»,	O
tu	O
sais	O
…	O
Allons	O
,	O
fais	O
une	O
risette	O
.	O
Mais	O
les	O
larmes	O
la	O
suffoquaient	O
,	O
elle	O
voulait	O
s’	O
en	O
aller	O
.	O
Alors	O
,	O
mademoiselle	B-PER
Saget	E-PER
,	O
tranquillement	O
,	O
la	O
laissa	O
sangloter	O
,	O
attendant	O
qu’	O
elle	O
eût	O
fini	O
.	O
La	O
pauvre	O
enfant	O
était	O
toute	O
grelottante	O
,	O
les	O
jupes	O
et	O
les	O
bas	O
mouillés	O
;	O
les	O
larmes	O
qu’	O
elle	O
essuyait	O
avec	O
ses	O
poings	O
sales	O
lui	O
mettaient	O
de	O
la	O
terre	O
jusqu’	O
aux	O
oreilles	O
.	O
Quand	O
elle	O
se	O
fut	O
un	O
peu	O
calmée	O
,	O
la	O
vieille	O
reprit	O
d’	O
un	O
ton	O
doucereux	O
:	O
–	O
Ta	O
maman	O
n’	O
est	O
pas	O
méchante	O
,	O
n’	O
est	O
-ce	O
pas	O
?	O
Elle	O
t’	O
aime	O
bien	O
.	O
–	O
Oui	O
,	O
oui	O
,	O
répondit	O
Pauline	S-PER
,	O
le	O
cœur	O
encore	O
très	O
gros	O
.	O
–	O
Et	O
ton	O
papa	O
,	O
il	O
n’	O
est	O
pas	O
méchant	O
non	O
plus	O
,	O
il	O
ne	O
te	O
bat	O
pas	O
,	O
il	O
ne	O
se	O
dispute	O
pas	O
avec	O
ta	O
maman	O
?…	O
Qu’	O
est	O
-ce	O
qu’	O
ils	O
disent	O
le	O
soir	O
,	O
quand	O
ils	O
vont	O
se	O
coucher	O
?	O
–	O
Ah	O
!	O
je	O
ne	O
sais	O
pas	O
;	O
moi	O
,	O
j’	O
ai	O
chaud	O
dans	O
mon	O
lit	O
.	O
–	O
Ils	O
parlent	O
de	O
ton	O
cousin	B-PER
Florent	E-PER
?	O
–	O
Je	O
ne	O
sais	O
pas	O
.	O
Mademoiselle	B-PER
Saget	E-PER
prit	O
un	O
air	O
sévère	O
,	O
en	O
feignant	O
de	O
se	O
lever	O
et	O
de	O
s’	O
en	O
aller	O
.	O
–	O
Tiens	O
!	O
tu	O
n’	O
es	O
qu’	O
une	O
menteuse	O
…	O
Tu	O
sais	O
qu’	O
il	O
ne	O
faut	O
pas	O
mentir	O
…	O
Je	O
vais	O
te	O
laisser	O
là	O
,	O
si	O
tu	O
mens	O
,	O
et	O
Muche	S-PER
te	O
pincera	O
.	O
Muche	S-PER
qui	O
rôdait	O
devant	O
le	O
banc	O
,	O
intervint	O
,	O
disant	O
de	O
son	O
ton	O
décidé	O
de	O
petit	O
homme	O
:	O
–	O
Allez	O
,	O
elle	O
est	O
trop	O
dinde	O
pour	O
savoir	O
…	O
Moi	O
,	O
je	O
sais	O
que	O
mon	O
bon	O
ami	B-PER
Florent	E-PER
a	O
eu	O
l’	O
air	O
joliment	O
cornichon	O
,	O
hier	O
,	O
quand	O
maman	O
lui	O
a	O
dit	O
comme	O
ça	O
,	O
en	O
riant	O
,	O
qu’	O
il	O
pouvait	O
l’	O
embrasser	O
,	O
si	O
cela	O
lui	O
faisait	O
plaisir	O
.	O
Mais	O
Pauline	S-PER
,	O
menacée	O
d’	O
être	O
abandonnée	O
,	O
s’	O
était	O
remise	O
à	O
pleurer	O
.	O
–	O
Tais	O
-toi	O
donc	O
,	O
tais-toi	O
donc	O
,	O
mauvaise	O
gale	O
!	O
murmura	O
la	O
vieille	O
en	O
la	O
bousculant	O
.	O
Là	O
,	O
je	O
ne	O
m’	O
en	O
vais	O
pas	O
,	O
je	O
t’	O
achèterai	O
un	O
sucre	O
d’	O
orge	O
,	O
hein	O
!	O
un	O
sucre	O
d’	O
orge	O
!	O
…	O
Alors	O
,	O
tu	O
ne	O
l’	O
aimes	O
pas	O
,	O
ton	O
cousin	B-PER
Florent	E-PER
?	O
–	O
Non	O
,	O
maman	O
dit	O
qu’	O
il	O
n’	O
est	O
pas	O
honnête	O
.	O
–	O
Ah	O
!	O
tu	O
vois	O
bien	O
que	O
ta	O
maman	O
disait	O
quelque	O
chose	O
.	O
–	O
Un	O
soir	O
,	O
dans	O
mon	O
lit	O
,	O
j’	O
avais	O
Mouton	S-PER
,	O
je	O
dormais	O
avec	O
Mouton	S-PER
…	O
Elle	O
disait	O
à	O
papa	O
:	O
«	O
Ton	O
frère	O
,	O
il	O
ne	O
s’	O
est	O
sauvé	O
du	O
bagne	O
que	O
pour	O
nous	O
y	O
ramener	O
tous	O
avec	O
lui	O
.	O
»	O
Mademoiselle	B-PER
Saget	E-PER
poussa	O
un	O
léger	O
cri	O
.	O
Elle	O
s’	O
était	O
mise	O
debout	O
,	O
toute	O
frémissante	O
.	O
Un	O
trait	O
de	O
lumière	O
venait	O
de	O
la	O
frapper	O
en	O
pleine	O
face	O
.	O
Elle	O
reprit	O
la	O
main	O
de	O
Pauline	S-PER
,	O
la	O
fit	O
trotter	O
jusqu’	O
à	O
la	O
charcuterie	O
,	O
sans	O
parler	O
,	O
les	O
lèvres	O
pincées	O
par	O
un	O
sourire	O
intérieur	O
,	O
les	O
regards	O
pointus	O
d’	O
une	O
joie	O
aiguë	O
.	O
Au	O
coin	O
de	O
la	B-LOC
rue	I-LOC
Pirouette	E-LOC
,	O
Muche	S-PER
,	O
qui	O
les	O
accompagnait	O
en	O
gambadant	O
,	O
jouissant	O
de	O
voir	O
la	O
petite	O
courir	O
avec	O
ses	O
bas	O
crottés	O
,	O
disparut	O
prudemment	O
.	O
Lisa	O
était	O
dans	O
une	O
inquiétude	O
mortelle	O
.	O
Quand	O
elle	O
aperçut	O
sa	O
fille	O
faite	O
comme	O
un	O
torchon	O
,	O
elle	O
eut	O
un	O
tel	O
saisissement	O
qu’	O
elle	O
la	O
tourna	O
de	O
tous	O
les	O
côtés	O
,	O
sans	O
même	O
songer	O
à	O
la	O
battre	O
.	O
La	O
vieille	O
disait	O
de	O
sa	O
voix	O
mauvaise	O
:	O
–	O
C’	O
est	O
le	O
petit	O
Muche	S-PER
…	O
Je	O
vous	O
la	O
ramène	O
,	O
vous	O
comprenez	O
…	O
Je	O
les	O
ai	O
découverts	O
ensemble	O
,	O
sous	O
un	O
arbre	O
du	O
square	O
.	O
Je	O
ne	O
sais	O
pas	O
ce	O
qu’	O
ils	O
faisaient	O
…	O
À	O
votre	O
place	O
,	O
je	O
la	O
regarderais	O
.	O
Il	O
est	O
capable	O
de	O
tout	O
,	O
cet	O
enfant	O
de	O
gueuse	O
.	O
Lisa	S-PER
ne	O
trouvait	O
pas	O
une	O
parole	O
.	O
Elle	O
ne	O
savait	O
par	O
quel	O
bout	O
prendre	O
sa	O
fille	O
,	O
tant	O
les	O
bottines	O
boueuses	O
,	O
les	O
bas	O
tachés	O
,	O
les	O
jupes	O
déchirées	O
,	O
les	O
mains	O
et	O
la	O
figure	O
noircies	O
,	O
la	O
dégoûtaient	O
.	O
Le	O
velours	O
bleu	O
,	O
les	O
boutons	O
d’	O
oreille	O
,	O
la	O
jeannette	O
,	O
disparaissaient	O
sous	O
une	O
couche	O
de	O
crasse	O
.	O
Mais	O
ce	O
qui	O
acheva	O
de	O
l’	O
exaspérer	O
,	O
ce	O
furent	O
les	O
poches	O
pleines	O
de	O
terre	O
.	O
Elle	O
se	O
pencha	O
,	O
les	O
vida	O
,	O
sans	O
respect	O
pour	O
le	O
dallage	O
blanc	O
et	O
rose	O
de	O
la	O
boutique	O
.	O
Puis	O
,	O
elle	O
ne	O
put	O
prononcer	O
qu’	O
un	O
mot	O
,	O
elle	O
entraîna	O
Pauline	S-PER
,	O
en	O
disant	O
:	O
–	O
Venez	O
,	O
ordure	O
.	O
Mademoiselle	B-PER
Saget	E-PER
,	O
qui	O
était	O
tout	O
égayée	O
par	O
cette	O
scène	O
,	O
au	O
fond	O
de	O
son	O
chapeau	O
noir	O
,	O
traversa	O
vivement	O
la	B-LOC
rue	I-LOC
Rambuteau	E-LOC
.	O
Ses	O
pieds	O
menus	O
touchaient	O
à	O
peine	O
le	O
pavé	O
;	O
une	O
jouissance	O
la	O
portait	O
,	O
comme	O
un	O
souffle	O
plein	O
de	O
caresses	O
chatouillantes	O
.	O
Elle	O
savait	O
donc	O
enfin	O
!	O
Depuis	O
près	O
d’	O
une	O
année	O
qu’	O
elle	O
brûlait	O
,	O
voilà	O
qu’	O
elle	O
possédait	O
Florent	S-PER
,	O
tout	O
entier	O
,	O
tout	O
d’	O
un	O
coup	O
.	O
C’	O
était	O
un	O
contentement	O
inespéré	O
,	O
qui	O
la	O
guérissait	O
de	O
quelque	O
maladie	O
;	O
car	O
elle	O
sentait	O
bien	O
que	O
cet	O
homme	O
-là	O
l’	O
aurait	O
fait	O
mourir	O
à	O
petit	O
feu	O
,	O
en	O
se	O
refusant	O
plus	O
longtemps	O
à	O
ses	O
ardeurs	O
de	O
curiosité	O
.	O
Maintenant	O
,	O
le	B-LOC
quartier	I-LOC
des	I-LOC
Halles	E-LOC
lui	O
appartenait	O
;	O
il	O
n’	O
y	O
avait	O
plus	O
de	O
lacune	O
dans	O
sa	O
tête	O
;	O
elle	O
aurait	O
raconté	O
chaque	O
rue	O
,	O
boutique	O
par	O
boutique	O
.	O
Et	O
elle	O
poussait	O
de	O
petits	O
soupirs	O
pâmés	O
,	O
tout	O
en	O
entrant	O
dans	O
le	O
pavillon	O
aux	O
fruits	O
.	O
–	O
Eh	O
!	O
mademoiselle	B-PER
Saget	E-PER
,	O
cria	O
la	B-PER
Sarriette	E-PER
de	O
son	O
banc	O
,	O
qu’	O
est	O
-ce	O
que	O
vous	O
avez	O
donc	O
à	O
rire	O
toute	O
seule	O
?…	O
Est	O
-ce 	O
que	O
vous	O
avez	O
gagné	O
le	O
gros	O
lot	O
à	O
la	O
loterie	O
?	O
–	O
Non	O
,	O
non	O
…	O
Ah	O
!	O
ma	O
petite	O
,	O
si	O
vous	O
saviez	O
!	O
…	O
La	B-PER
Sarriette	E-PER
était	O
adorable	O
,	O
au	O
milieu	O
de	O
ses	O
fruits	O
,	O
avec	O
son	O
débraillé	O
de	O
belle	O
fille	O
.	O
Ses	O
cheveux	O
frisottants	O
lui	O
tombaient	O
sur	O
le	O
front	O
,	O
comme	O
des	O
pampres	O
.	O
Ses	O
bras	O
nus	O
,	O
son	O
cou	O
nu	O
,	O
tout	O
ce	O
qu’	O
elle	O
montrait	O
de	O
nu	O
et	O
de	O
rose	O
avait	O
une	O
fraîcheur	O
de	O
pêche	O
et	O
de	O
cerise	O
.	O
Elle	O
s’	O
était	O
pendu	O
par	O
gaminerie	O
des	O
guignes	O
aux	O
oreilles	O
,	O
des	O
guignes	O
noires	O
qui	O
sautaient	O
sur	O
ses	O
joues	O
,	O
quand	O
elle	O
se	O
penchait	O
,	O
toute	O
sonore	O
de	O
rires	O
.	O
Ce	O
qui	O
l’	O
amusait	O
si	O
fort	O
,	O
c’	O
était	O
qu’	O
elle	O
mangeait	O
des	O
groseilles	O
,	O
et	O
qu’	O
elle	O
les	O
mangeait	O
à	O
s’	O
en	O
barbouiller	O
la	O
bouche	O
,	O
jusqu’	O
au	O
menton	O
et	O
jusqu’	O
au	O
nez	O
;	O
elle	O
avait	O
la	O
bouche	O
rouge	O
,	O
une	O
bouche	O
maquillée	O
,	O
fraîche	O
du	O
jus	O
des	O
groseilles	O
,	O
comme	O
peinte	O
et	O
parfumée	O
de	O
quelque	O
fard	O
du	O
sérail	O
.	O
Une	O
odeur	O
de	O
prune	O
montait	O
de	O
ses	O
jupes	O
.	O
Son	O
fichu	O
mal	O
noué	O
sentait	O
la	O
fraise	O
.	O
Et	O
,	O
dans	O
l’	O
étroite	O
boutique	O
,	O
autour	O
d’	O
elle	O
,	O
les	O
fruits	O
s’	O
entassaient	O
.	O
Derrière	O
,	O
le	O
long	O
des	O
étagères	O
,	O
il	O
y	O
avait	O
des	O
files	O
de	O
melons	O
,	O
des	B-MISC
cantaloups	E-MISC
couturés	O
de	O
verrues	O
,	O
des	B-MISC
maraîchers	E-MISC
aux	O
guipures	O
grises	O
,	O
des	B-MISC
culs-de-singe	E-MISC
avec	O
leurs	O
bosses	O
nues	O
.	O
À	O
l’	O
étalage	O
,	O
les	O
beaux	O
fruits	O
,	O
délicatement	O
parés	O
dans	O
des	O
paniers	O
,	O
avaient	O
des	O
rondeurs	O
de	O
joues	O
qui	O
se	O
cachent	O
,	O
des	O
faces	O
de	O
belles	O
enfants	O
entrevues	O
à	O
demi	O
sous	O
un	O
rideau	O
de	O
feuilles	O
;	O
les	O
pêches	O
surtout	O
,	O
les	B-MISC
Montreuil	E-MISC
rougissantes	O
,	O
de	O
peau	O
fine	O
et	O
claire	O
comme	O
des	O
filles	O
du	O
Nord	S-LOC
,	O
et	O
les	O
pêches	O
du	O
Midi	S-LOC
,	O
jaunes	O
et	O
brûlées	O
,	O
ayant	O
le	O
hâle	O
des	O
filles	O
de	O
Provence	S-LOC
.	O
Les	O
abricots	O
prenaient	O
sur	O
la	O
mousse	O
des	O
tons	O
d’	O
ambre	O
,	O
ces	O
chaleurs	O
de	O
coucher	O
de	O
soleil	O
qui	O
chauffent	O
la	O
nuque	O
des	O
brunes	O
,	O
à	O
l’	O
endroit	O
où	O
frisent	O
de	O
petits	O
cheveux	O
.	O
Les	O
cerises	O
,	O
rangées	O
une	O
à	O
une	O
,	O
ressemblaient	O
à	O
des	O
lèvres	O
trop	O
étroites	O
de	O
Chinoise	S-MISC
qui	O
souriaient	O
:	O
les	B-MISC
Montmorency	E-MISC
,	O
lèvres	O
trapues	O
de	O
femme	O
grasse	O
;	O
les	B-MISC
Anglaises	E-MISC
,	O
plus	O
allongées	O
et	O
plus	O
graves	O
;	O
les	B-MISC
guignes	E-MISC
,	O
chair	O
commune	O
,	O
noire	O
,	O
meurtrie	O
de	O
baisers	O
;	O
les	B-MISC
bigarreaux	E-MISC
,	O
tachés	O
de	O
blanc	O
et	O
de	O
rose	O
,	O
au	O
rire	O
à	O
la	O
fois	O
joyeux	O
et	O
fâché	O
.	O
Les	O
pommes	O
,	O
les	O
poires	O
s’	O
empilaient	O
,	O
avec	O
des	O
régularités	O
d’	O
architecture	O
,	O
faisant	O
des	O
pyramides	O
,	O
montrant	O
des	O
rougeurs	O
de	O
seins	O
naissants	O
,	O
des	O
épaules	O
et	O
des	O
hanches	O
dorées	O
,	O
toute	O
une	O
nudité	O
discrète	O
,	O
au	O
milieu	O
des	O
brins	O
de	O
fougère	O
;	O
elles	O
étaient	O
de	O
peaux	O
différentes	O
,	O
les	B-MISC
pommes	I-MISC
d’	I-MISC
api	E-MISC
au	O
berceau	O
,	O
les	B-MISC
rambourgs	E-MISC
avachies	O
,	O
les	B-MISC
calvilles	E-MISC
en	O
robe	O
blanche	O
,	O
les	B-MISC
canadas	E-MISC
sanguines	O
,	O
les	B-MISC
châtaigniers	E-MISC
couperosées	O
,	O
les	B-MISC
reinettes	E-MISC
blondes	O
,	O
piquées	O
de	O
rousseur	O
;	O
puis	O
,	O
les	O
variétés	O
des	O
poires	O
,	O
la	B-MISC
blanquette	E-MISC
,	O
l’	B-MISC
angleterre	E-MISC
,	O
les	O
beurrés	O
,	O
les	B-MISC
messire-jean	E-MISC
,	O
les	B-MISC
duchesses	E-MISC
,	O
trapues	O
,	O
allongées	O
,	O
avec	O
des	O
cous	O
de	O
cygne	O
ou	O
des	O
épaules	O
apoplectiques	O
,	O
les	O
ventres	O
jaunes	O
et	O
verts	O
,	O
relevés	O
d’	O
une	O
pointe	O
de	O
carmin	O
.	O
À	O
côté	O
,	O
les	O
prunes	O
transparentes	O
montraient	O
des	O
douceurs	O
chlorotiques	O
de	O
vierge	O
;	O
les	B-MISC
reines-claudes	E-MISC
,	O
les	B-MISC
prunes	I-MISC
de	I-MISC
monsieur	E-MISC
,	O
étaient	O
pâlies	O
d’	O
une	O
fleur	O
d’	O
innocence	O
;	O
les	O
mirabelles	O
s’	O
égrenaient	O
comme	O
les	O
perles	O
d’	O
or	O
d’	O
un	O
rosaire	O
,	O
oublié	O
dans	O
une	O
boîte	O
avec	O
des	O
bâtons	O
de	O
vanille	O
.	O
Et	O
les	O
fraises	O
,	O
elles	O
aussi	O
,	O
exhalaient	O
un	O
parfum	O
frais	O
,	O
un	O
parfum	O
de	O
jeunesse	O
,	O
les	O
petites	O
surtout	O
,	O
celles	O
qu’	O
on	O
cueille	O
dans	O
les	O
bois	O
,	O
plus	O
encore	O
que	O
les	O
grosses	O
fraises	O
de	O
jardin	O
,	O
qui	O
sentent	O
la	O
fadeur	O
des	O
arrosoirs	O
.	O
Les	O
framboises	O
ajoutaient	O
un	O
bouquet	O
à	O
cette	O
odeur	O
pure	O
.	O
Les	O
groseilles	O
,	O
les	O
cassis	O
,	O
les	O
noisettes	O
,	O
riaient	O
avec	O
des	O
mines	O
délurées	O
;	O
pendant	O
que	O
des	O
corbeilles	O
de	O
raisins	O
,	O
des	O
grappes	O
lourdes	O
,	O
chargées	O
d’	O
ivresse	O
,	O
se	O
pâmaient	O
au	O
bord	O
de	O
l’	O
osier	O
,	O
en	O
laissant	O
retomber	O
leurs	O
grains	O
roussis	O
par	O
les	O
voluptés	O
trop	O
chaudes	O
du	O
soleil	O
.	O
La	B-PER
Sarriette	E-PER
vivait	O
là	O
,	O
comme	O
dans	O
un	O
verger	O
,	O
avec	O
des	O
griseries	O
d’	O
odeurs	O
.	O
Les	O
fruits	O
à	O
bas	O
prix	O
,	O
les	O
cerises	O
,	O
les	O
prunes	O
,	O
les	O
fraises	O
,	O
entassés	O
devant	O
elle	O
sur	O
des	O
paniers	O
plats	O
,	O
garnis	O
de	O
papier	O
,	O
se	O
meurtrissaient	O
,	O
tachaient	O
l’	O
étalage	O
de	O
jus	O
,	O
d’	O
un	O
jus	O
fort	O
qui	O
fumait	O
dans	O
la	O
chaleur	O
.	O
Elle	O
sentait	O
aussi	O
la	O
tête	O
lui	O
tourner	O
,	O
en	O
juillet	O
,	O
par	O
les	O
après-midi	O
brûlantes	O
,	O
lorsque	O
les	O
melons	O
l’	O
entouraient	O
d’	O
une	O
puissante	O
vapeur	O
de	O
musc	O
.	O
Alors	O
,	O
ivre	O
,	O
montrant	O
plus	O
de	O
chair	O
sous	O
son	O
fichu	O
,	O
à	O
peine	O
mûre	O
et	O
toute	O
fraîche	O
de	O
printemps	O
,	O
elle	O
tentait	O
la	O
bouche	O
,	O
elle	O
inspirait	O
des	O
envies	O
de	O
maraude	O
.	O
C’	O
était	O
elle	O
,	O
c’	O
étaient	O
ses	O
bras	O
,	O
c’	O
était	O
son	O
cou	O
,	O
qui	O
donnaient	O
à	O
ses	O
fruits	O
cette	O
vie	O
amoureuse	O
,	O
cette	O
tiédeur	O
satinée	O
de	O
femme	O
.	O
Sur	O
le	O
banc	O
de	O
vente	O
,	O
à	O
côté	O
,	O
une	O
vieille	O
marchande	O
,	O
une	O
ivrognesse	O
affreuse	O
,	O
n’	O
étalait	O
que	O
des	O
pommes	O
ridées	O
,	O
des	O
poires	O
pendantes	O
comme	O
des	O
seins	O
vides	O
,	O
des	O
abricots	O
cadavéreux	O
,	O
d’	O
un	O
jaune	O
infâme	O
de	O
sorcière	O
.	O
Mais	O
,	O
elle	O
,	O
faisait	O
de	O
son	O
étalage	O
une	O
grande	O
volupté	O
nue	O
.	O
Ses	O
lèvres	O
avaient	O
posé	O
là	O
une	O
à	O
une	O
les	O
cerises	O
,	O
des	O
baisers	O
rouges	O
;	O
elle	O
laissait	O
tomber	O
de	O
son	O
corsage	O
les	O
pêches	O
soyeuses	O
;	O
elle	O
fournissait	O
aux	O
prunes	O
sa	O
peau	O
la	O
plus	O
tendre	O
,	O
la	O
peau	O
de	O
ses	O
tempes	O
,	O
celle	O
de	O
son	O
menton	O
,	O
celles	O
des	O
coins	O
de	O
sa	O
bouche	O
;	O
elle	O
laissait	O
couler	O
un	O
peu	O
de	O
son	O
sang	O
rouge	O
dans	O
les	O
veines	O
des	O
groseilles	O
.	O
Ses	O
ardeurs	O
de	O
belle	O
fille	O
mettaient	O
en	O
rut	O
ces	O
fruits	O
de	O
la	O
terre	O
,	O
toutes	O
ces	O
semences	O
,	O
dont	O
les	O
amours	O
s’	O
achevaient	O
sur	O
un	O
lit	O
de	O
feuilles	O
,	O
au	O
fond	O
des	O
alcôves	O
tendues	O
de	O
mousse	O
des	O
petits	O
paniers	O
.	O
Derrière	O
sa	O
boutique	O
,	O
l’	O
allée	O
aux	O
fleurs	O
avait	O
une	O
senteur	O
fade	O
,	O
auprès	O
de	O
l’	O
arôme	O
de	O
vie	O
qui	O
sortait	O
de	O
ses	O
corbeilles	O
entamées	O
et	O
de	O
ses	O
vêtements	O
défaits	O
.	O
Cependant	O
,	O
la	B-PER
Sarriette	E-PER
,	O
ce	O
jour	O
-là	O
,	O
était	O
toute	O
grise	O
d’	O
un	O
arrivage	O
de	O
mirabelles	O
,	O
qui	O
encombrait	O
le	O
marché	O
.	O
Elle	O
vit	O
bien	O
que	O
mademoiselle	B-PER
Saget	E-PER
avait	O
quelque	O
grosse	O
nouvelle	O
,	O
et	O
elle	O
voulut	O
la	O
faire	O
causer	O
;	O
mais	O
la	O
vieille	O
,	O
en	O
piétinant	O
d’	O
impatience	O
:	O
–	O
Non	O
,	O
non	O
,	O
je	O
n’	O
ai	O
pas	O
le	O
temps	O
…	O
Je	O
cours	O
voir	O
madame	B-PER
Lecœur	E-PER
.	O
Ah	O
!	O
j’	O
en	O
sais	O
de	O
belles	O
!	O
…	O
Venez	O
,	O
si	O
vous	O
voulez	O
.	O
À	O
la	O
vérité	O
,	O
elle	O
ne	O
traversait	O
le	O
pavillon	O
aux	O
fruits	O
que	O
pour	O
racoler	O
la	B-PER
Sarriette	E-PER
.	O
Celle-ci	O
ne	O
put	O
résister	O
à	O
la	O
tentation	O
.	O
Monsieur	B-PER
Jules	E-PER
était	O
là	O
,	O
se	O
dandinant	O
sur	O
une	O
chaise	O
retournée	O
,	O
rasé	O
et	O
frais	O
comme	O
un	O
chérubin	O
.	O
–	O
Garde	O
un	O
instant	O
la	O
boutique	O
,	O
n’	O
est	O
-ce	O
pas	O
?	O
lui	O
dit	O
-elle.	O
Je	O
reviens	O
tout	O
de	O
suite	O
.	O
Mais	O
lui	O
,	O
se	O
leva	O
,	O
lui	O
cria	O
de	O
sa	O
voix	O
grasse	O
,	O
comme	O
elle	O
tournait	O
l’	O
allée	O
:	O
–	O
Eh	O
!	O
pas	O
de	O
ça	O
,	O
Lisette	S-PER
!	O
Tu	O
sais	O
,	O
je	O
file	O
,	O
moi	O
…	O
Je	O
ne	O
veux	O
pas	O
attendre	O
une	O
heure	O
comme	O
l’	O
autre	O
jour	O
…	O
Avec	O
ça	O
que	O
tes	O
prunes	O
me	O
donnent	O
mal	O
à	O
la	O
tête	O
.	O
Il	O
s’	O
en	O
alla	O
tranquillement	O
,	O
les	O
mains	O
dans	O
les	O
poches	O
.	O
La	O
boutique	O
resta	O
seule	O
.	O
Mademoiselle	B-PER
Saget	E-PER
faisait	O
courir	O
la	B-PER
Sarriette	E-PER
.	O
Au	O
pavillon	O
du	O
beurre	O
,	O
une	O
voisine	O
leur	O
dit	O
que	O
madame	B-PER
Lecœur	E-PER
était	O
à	O
la	O
cave	O
.	O
La	B-PER
Sarriette	E-PER
descendit	O
la	O
chercher	O
,	O
pendant	O
que	O
la	O
vieille	O
s’	O
installait	O
au	O
milieu	O
des	O
fromages	O
.	O
En	O
bas	O
,	O
la	O
cave	O
était	O
très	O
sombre	O
;	O
le	O
long	O
des	O
ruelles	O
,	O
les	O
resserres	O
sont	O
tendues	O
d’	O
une	O
toile	O
métallique	O
à	O
mailles	O
fines	O
,	O
par	O
crainte	O
des	O
incendies	O
;	O
les	O
becs	O
de	O
gaz	O
,	O
fort	O
rares	O
,	O
font	O
des	O
taches	O
jaunes	O
sans	O
rayons	O
,	O
dans	O
la	O
buée	O
nauséabonde	O
,	O
qui	O
s’	O
alourdit	O
sous	O
l’	O
écrasement	O
de	O
la	O
voûte	O
.	O
Mais	O
,	O
madame	B-PER
Lecœur	E-PER
travaillait	O
le	O
beurre	O
,	O
sur	O
une	O
des	O
tables	O
placées	O
le	O
long	O
de	O
la	B-LOC
rue	I-LOC
Berger	E-LOC
.	O
Les	O
soupiraux	O
laissent	O
tomber	O
un	O
jour	O
pâle	O
.	O
Les	O
tables	O
,	O
continuellement	O
lavées	O
à	O
grande	O
eau	O
par	O
des	O
robinets	O
,	O
ont	O
des	O
blancheurs	O
de	O
tables	O
neuves	O
.	O
Tournant	O
le	O
dos	O
à	O
la	O
pompe	O
du	O
fond	O
,	O
la	O
marchande	O
pétrissait	O
«	O
la	O
maniotte	O
»,	O
au	O
milieu	O
d’	O
une	O
boîte	O
de	O
chêne	O
.	O
Elle	O
prenait	O
,	O
à	O
côté	O
d’	O
elle	O
,	O
les	O
échantillons	O
des	O
différents	O
beurres	O
,	O
les	O
mêlait	O
,	O
les	O
corrigeait	O
l’	O
un	O
par	O
l’	O
autre	O
,	O
ainsi	O
qu’	O
on	O
procède	O
pour	O
le	O
coupage	O
des	O
vins	O
.	O
Pliée	O
en	O
deux	O
,	O
les	O
épaules	O
pointues	O
,	O
les	O
bras	O
maigres	O
et	O
noueux	O
,	O
comme	O
des	O
échalas	O
,	O
nus	O
jusqu’	O
aux	O
épaules	O
,	O
elle	O
enfonçait	O
furieusement	O
les	O
poings	O
dans	O
cette	O
pâte	O
grasse	O
qui	O
prenait	O
un	O
aspect	O
blanchâtre	O
et	O
crayeux	O
.	O
Elle	O
suait	O
,	O
elle	O
poussait	O
un	O
soupir	O
à	O
chaque	O
effort	O
.	O
–	O
C’	O
est	O
mademoiselle	B-PER
Saget	E-PER
qui	O
voudrait	O
vous	O
parler	O
,	O
ma	O
tante	O
,	O
dit	O
la	O
Sarriette	O
.	O
Madame	B-PER
Lecœur	E-PER
s’	O
arrêta	O
,	O
ramena	O
son	O
bonnet	O
sur	O
ses	O
cheveux	O
,	O
de	O
ses	O
doigts	O
pleins	O
de	O
beurre	O
,	O
sans	O
paraître	O
avoir	O
peur	O
des	O
taches	O
.	O
–	O
J’	O
ai	O
fini	O
,	O
qu’	O
elle	O
attende	O
un	O
instant	O
,	O
répondit	O
-elle	O
.	O
–	O
Elle	O
a	O
quelque	O
chose	O
de	O
très	O
intéressant	O
à	O
vous	O
dire	O
.	O
–	O
Rien	O
qu’	O
une	O
minute	O
,	O
ma	O
petite	O
.	O
Elle	O
avait	O
replongé	O
les	O
bras	O
.	O
Le	O
beurre	O
lui	O
montait	O
jusqu’	O
aux	O
coudes	O
.	O
Amolli	O
préalablement	O
dans	O
l’	O
eau	O
tiède	O
,	O
il	O
huilait	O
sa	O
chair	O
de	O
parchemin	O
,	O
faisant	O
ressortir	O
les	O
grosses	O
veines	O
violettes	O
qui	O
lui	O
couturaient	O
la	O
peau	O
,	O
pareilles	O
à	O
des	O
chapelets	O
de	O
varices	O
éclatées	O
.	O
La	B-PER
Sarriette	E-PER
était	O
toute	O
dégoûtée	O
par	O
ces	O
vilains	O
bras	O
,	O
s’	O
acharnant	O
au	O
milieu	O
de	O
cette	O
masse	O
fondante	O
.	O
Mais	O
elle	O
se	O
rappelait	O
le	O
métier	O
;	O
autrefois	O
,	O
elle	O
mettait	O
,	O
elle	O
aussi	O
,	O
ses	O
petites	O
mains	O
adorables	O
dans	O
le	O
beurre	O
,	O
pendant	O
des	O
après-midi	O
entières	O
;	O
même	O
c’	O
était	O
là	O
sa	O
pâte	O
d’	O
amande	O
,	O
un	O
onguent	O
qui	O
lui	O
conservait	O
la	O
peau	O
blanche	O
,	O
les	O
ongles	O
roses	O
,	O
et	O
dont	O
ses	O
doigts	O
déliés	O
semblaient	O
avoir	O
garder	O
la	O
souplesse	O
.	O
Aussi	O
,	O
au	O
bout	O
d’	O
un	O
silence	O
,	O
reprit	O
-elle	O
:	O
–	O
Elle	O
ne	O
sera	O
pas	O
fameuse	O
,	O
votre	O
maniotte	O
,	O
ma	O
tante	O
…	O
Vous	O
avez	O
là	O
des	O
beurres	O
trop	O
forts	O
.	O
–	O
Je	O
le	O
sais	O
bien	O
,	O
dit	O
madame	B-PER
Lecœur	E-PER
entre	O
deux	O
gémissements	O
,	O
mais	O
que	O
veux	O
-tu	O
?	O
il	O
faut	O
bien	O
tout	O
faire	O
passer	O
…	O
Il	O
y	O
a	O
des	O
gens	O
qui	O
veulent	O
payer	O
bon	O
marché	O
;	O
on	O
leur	O
fait	O
du	O
bon	O
marché	O
…	O
Va	O
,	O
c’	O
est	O
toujours	O
trop	O
bon	O
pour	O
les	O
clients	O
.	O
La	B-PER
Sarriette	E-PER
pensait	O
qu’	O
elle	O
n’	O
en	O
mangerait	O
pas	O
volontiers	O
,	O
du	O
beurre	O
travaillé	O
par	O
les	O
bras	O
de	O
sa	O
tante	O
.	O
Elle	O
regarda	O
dans	O
un	O
petit	O
pot	O
plein	O
d’	O
une	O
sorte	O
de	O
teinture	O
rouge	O
.	O
–	O
Il	O
est	O
trop	O
clair	O
,	O
votre	O
raucourt	O
,	O
murmura	O
-t	O
-elle.	O
Le	O
raucourt	O
sert	O
à	O
rendre	O
à	O
la	O
maniotte	O
une	O
belle	O
couleur	O
jaune	O
.	O
Les	O
marchandes	O
croient	O
garder	O
religieusement	O
le	O
secret	O
de	O
cette	O
teinture	O
,	O
qui	O
provient	O
simplement	O
de	O
la	O
graine	O
du	O
rocouyer	O
;	O
il	O
est	O
vrai	O
qu’	O
elles	O
en	O
fabriquent	O
avec	O
des	O
carottes	O
et	O
des	O
fleurs	O
de	O
soucis	O
.	O
–	O
À	O
la	O
fin	O
,	O
venez	O
-vous	O
!	O
dit	O
la	O
jeune	O
femme	O
qui	O
s’	O
impatientait	O
et	O
qui	O
n’	O
était	O
plus	O
habituée	O
à	O
l’	O
odeur	O
infecte	O
de	O
la	O
cave	O
.	O
Mademoiselle	B-PER
Saget	E-PER
est	O
peut-être	O
déjà	O
partie	O
…	O
Elle	O
doit	O
savoir	O
des	O
choses	O
très	O
graves	O
sur	O
mon	O
oncle	B-PER
Gavard	E-PER
.	O
Madame	B-PER
Lecœur	E-PER
,	O
du	O
coup	O
,	O
ne	O
continua	O
pas	O
.	O
Elle	O
laissa	O
la	O
maniotte	O
et	O
le	O
raucourt	O
.	O
Elle	O
ne	O
s’	O
essuya	O
pas	O
même	O
les	O
bras	O
.	O
D’	O
une	O
légère	O
tape	O
,	O
elle	O
ramena	O
de	O
nouveau	O
son	O
bonnet	O
,	O
marchant	O
sur	O
les	O
talons	O
de	O
sa	O
nièce	O
,	O
remontant	O
l’	O
escalier	O
,	O
en	O
répétant	O
avec	O
inquiétude	O
:	O
–	O
Tu	O
crois	O
qu’	O
elle	O
ne	O
nous	O
aura	O
pas	O
attendues	O
?	O
Mais	O
elle	O
se	O
rassura	O
,	O
en	O
apercevant	O
mademoiselle	B-PER
Saget	E-PER
,	O
au	O
milieu	O
des	O
fromages	O
.	O
Elle	O
n’	O
avait	O
eu	O
garde	O
de	O
s’	O
en	O
aller	O
.	O
Les	O
trois	O
femmes	O
s’	O
assirent	O
au	O
fond	O
de	O
l’	O
étroite	O
boutique	O
.	O
Elles	O
y	O
étaient	O
les	O
unes	O
sur	O
les	O
autres	O
,	O
se	O
parlant	O
le	O
nez	O
dans	O
la	O
face	O
.	O
Mademoiselle	B-PER
Saget	E-PER
garda	O
le	O
silence	O
pendant	O
deux	O
bonnes	O
minutes	O
;	O
puis	O
,	O
quand	O
elle	O
vit	O
les	O
deux	O
autres	O
toutes	O
brûlantes	O
de	O
curiosité	O
,	O
d’	O
une	O
voix	O
pointue	O
:	O
–	O
Vous	O
savez	O
,	O
ce	O
Florent	S-PER
?…	O
Eh	O
bien	O
,	O
je	O
peux	O
vous	O
dire	O
d’	O
où	O
il	O
vient	O
,	O
maintenant	O
.	O
Et	O
elle	O
les	O
laissa	O
un	O
instant	O
encore	O
suspendues	O
à	O
ses	O
lèvres	O
.	O
–	O
Il	O
vient	O
du	O
bagne	O
,	O
dit	O
-elle	O
enfin	O
,	O
en	O
assourdissant	O
terriblement	O
sa	O
voix	O
.	O
Autour	O
d’	O
elles	O
,	O
les	O
fromages	O
puaient	O
.	O
Sur	O
les	O
deux	O
étagères	O
de	O
la	O
boutique	O
,	O
au	O
fond	O
,	O
s’	O
alignaient	O
des	O
mottes	O
de	O
beurre	O
énormes	O
;	O
les	O
beurres	O
de	O
Bretagne	S-LOC
,	O
dans	O
des	O
paniers	O
,	O
débordaient	O
;	O
les	O
beurres	O
de	O
Normandie	S-LOC
,	O
enveloppés	O
de	O
toile	O
,	O
ressemblaient	O
à	O
des	O
ébauches	O
de	O
ventres	O
,	O
sur	O
lesquelles	O
un	O
sculpteur	O
aurait	O
jeté	O
des	O
linges	O
mouillés	O
;	O
d’	O
autres	O
mottes	O
,	O
entamées	O
,	O
taillées	O
par	O
les	O
larges	O
couteaux	O
en	O
rochers	O
à	O
pic	O
,	O
pleines	O
de	O
vallons	O
et	O
de	O
cassures	O
,	O
étaient	O
comme	O
des	O
cimes	O
éboulées	O
,	O
dorées	O
par	O
la	O
pâleur	O
d’	O
un	O
soir	O
d’	O
automne	O
.	O
Sous	O
la	O
table	O
d’	O
étalage	O
,	O
de	O
marbre	O
rouge	O
veiné	O
de	O
gris	O
,	O
des	O
paniers	O
d’	O
œufs	O
mettaient	O
une	O
blancheur	O
de	O
craie	O
;	O
et	O
,	O
dans	O
des	O
caisses	O
,	O
sur	O
des	O
clayons	O
de	O
paille	O
,	O
des	B-MISC
bondons	E-MISC
posés	O
bout	O
à	O
bout	O
,	O
des	B-MISC
gournays	E-MISC
rangés	O
à	O
plat	O
comme	O
des	O
médailles	O
,	O
faisaient	O
des	O
nappes	O
plus	O
sombres	O
,	O
tachées	O
de	O
tons	O
verdâtres	O
.	O
Mais	O
c’	O
était	O
surtout	O
sur	O
la	O
table	O
que	O
les	O
fromages	O
s’	O
empilaient	O
.	O
Là	O
,	O
à	O
côté	O
des	O
pains	O
de	O
beurre	O
à	O
la	O
livre	O
,	O
dans	O
des	O
feuilles	O
de	O
poirée	O
,	O
s’	O
élargissait	O
un	B-MISC
cantal	E-MISC
géant	O
,	O
comme	O
fendu	O
à	O
coups	O
de	O
hache	O
;	O
puis	O
venaient	O
un	B-MISC
chester	E-MISC
,	O
couleur	O
d’	O
or	O
,	O
un	B-MISC
gruyère	E-MISC
,	O
pareil	O
à	O
une	O
roue	O
tombée	O
de	O
quelque	O
char	O
barbare	O
,	O
des	B-MISC
hollandes	E-MISC
,	O
ronds	O
comme	O
des	O
têtes	O
coupées	O
,	O
barbouillées	O
de	O
sang	O
séché	O
,	O
avec	O
cette	O
dureté	O
de	O
crâne	O
vide	O
qui	O
les	O
fait	O
nommer	O
têtes-de-mort	O
.	O
Un	B-MISC
parmesan	E-MISC
,	O
au	O
milieu	O
de	O
cette	O
lourdeur	O
de	O
pâte	O
cuite	O
,	O
ajoutait	O
sa	O
pointe	O
d’	O
odeur	O
aromatique	O
.	O
Trois	B-MISC
bries	E-MISC
,	O
sur	O
des	O
planches	O
rondes	O
,	O
avaient	O
des	O
mélancolies	O
de	O
lunes	O
éteintes	O
;	O
deux	O
,	O
très	O
secs	O
,	O
étaient	O
dans	O
leur	O
plein	O
;	O
le	O
troisième	O
,	O
dans	O
son	O
deuxième	O
quartier	O
,	O
coulait	O
,	O
se	O
vidait	O
d’	O
une	O
crème	O
blanche	O
,	O
étalée	O
en	O
lac	O
,	O
ravageant	O
les	O
minces	O
planchettes	O
,	O
à	O
l’	O
aide	O
desquelles	O
on	O
avait	O
vainement	O
essayé	O
de	O
le	O
contenir	O
.	O
Des	B-MISC
Port-Salut	E-MISC
,	O
semblables	O
à	O
des	O
disques	O
antiques	O
,	O
montraient	O
en	O
exergue	O
le	O
nom	O
imprimé	O
des	O
fabricants	O
.	O
Un	B-MISC
romantour	E-MISC
,	O
vêtu	O
de	O
son	O
papier	O
d’	O
argent	O
,	O
donnait	O
le	O
rêve	O
d’	O
une	O
barre	O
de	O
nougat	O
,	O
d’	O
un	O
fromage	O
sucré	O
,	O
égaré	O
parmi	O
ces	O
fermentations	O
âcres	O
.	O
Les	B-MISC
roqueforts	E-MISC
,	O
eux	O
aussi	O
,	O
sous	O
des	O
cloches	O
de	O
cristal	O
,	O
prenaient	O
des	O
mines	O
princières	O
,	O
des	O
faces	O
marbrées	O
et	O
grasses	O
,	O
veinées	O
de	O
bleu	O
et	O
de	O
jaune	O
,	O
comme	O
attaqués	O
d’	O
une	O
maladie	O
honteuse	O
de	O
gens	O
riches	O
qui	O
ont	O
trop	O
mangé	O
de	O
truffes	O
;	O
